customer_id,customer_unique_id,customer_zip_code_prefix,customer_city,customer_state
13b8e2ac41d86c40ffc3c7746a9741ce,b206007a221c5d46120a4a9ca3a78008,13015,campinas,SP
17ec1daf9a2bbb04f0ef626896beb414,6b4718c3c804fba6545ab4ad13dad6fa,69005,manaus,AM
e428d7bec99f0cbc87a718d3f1d306a2,b658fbf924651be9d8dc80fc2cf355b2,01310,sao paulo,SP
db70aa9a9ed0841ed2626ff3ecb2aa04,a02dc60b64b7f8301e2d273d0b4a17ef,20040,rio de janeiro,RJ
9232d1a51a77772d15b2ae64abdbfd63,abdfc165fffce04a193702d6c636c2a1,04538,sao paulo,SP
c9c0d25183d326a82f69648742402739,940609f62b6dbadd1bed9f09e50af649,40010,salvador,BA
15e55dc07099ff63a6ad90c17330da5f,94a940863bdf1c81fe3ffd2401309014,40010,salvador,BA
f0136e54cd0a2d3c73d3512cb25dc920,c09d5a76175f5880caf2ebda765540a6,88010,florianopolis,SC
a586e3ee9452af86859a1eb699e7c1e4,b2bceae46771be85068f65f3c28ba818,20040,rio de janeiro,RJ
b597486f77525d65882216fe14270777,2623b2515fa6b8062f6735f7110a2042,04538,sao paulo,SP
86c102be308e71bfa2622b24c9a04c64,1ee0417149f5e850663948779920fd9b,69005,manaus,AM
1bb8df6b4047c9338f27e3936f6100a0,761bd98d230eaa359a482547e6b16c5e,13015,campinas,SP
ece4a0a5ae096867de060e656f8c0201,9887b58e04cad6d0008c06c0c7024d3b,59000,natal,RN
3e1743145b30317a203c7408ea8ed756,b206007a221c5d46120a4a9ca3a78008,04538,sao paulo,SP
ce223e1b966741d9280fa0d4d056dbc2,3c412cc3c2b36e0aea527a658ea6950e,88010,florianopolis,SC
ef6341e0e4a1711f194a51d55a721e75,e5775f611465401aa3f9d174507c0226,88010,florianopolis,SC
cf4f64474e80da355796533d6dd6d2d8,2b89f07bf153565eb7bad8905f4eaa00,20040,rio de janeiro,RJ
af6a9d46fb53a88f38d89c185b6f8dba,233cab2bf7dcd55372c749f61d12df7c,13015,campinas,SP
2438d97ff705d3bf74cde4fa62634514,399604c9be536eb5de97bd0ca0e3a9ad,80010,curitiba,PR
54e502e6915447f00b2b7c998ea13ccf,4af13166a395cb645655580fcc76a5a2,24020,niteroi,RJ
ebfe88729ce36adf05d109c9a11e9f72,404a4b1212c7c80828566ba1e48d8ad2,24020,niteroi,RJ
67d75ba4d2460fe154e47f4d31715df9,3b8ed620ff537cd20d2d89f0af7c09f7,80010,curitiba,PR
f653b2336f18cf3429374b3af56e3140,35437b31b9397c1d3c334e7905ee5af5,88010,florianopolis,SC
338611dc522e4e02f72495b86ba7f8ac,381008d57a41925bb5f6e11c10f5a6c4,01310,sao paulo,SP
d689594426f3143d92a0642235b71524,812a580798900c2679656befb268a174,30130,belo horizonte,MG
9f2146250bb3a44fb16f8a8436aa00bc,85937a8598aa69e97cf4ee2a262e3fca,13015,campinas,SP
3a1a0ed3bf9378ce0fc645135779a5fb,54b1346d373ab7582839673c390cce4a,30130,belo horizonte,MG
a80f7c851761cf4e9819b6285411ae99,8b108850194aff99a2c541bc40110cd5,04538,sao paulo,SP
374d145a7e4d12a2a008679e77f6e807,9c6171ac5db326d8452b41c5d5573037,88010,florianopolis,SC
46218dd0f1902d8fef2ee361886c38b0,69fb2c3c4cc216e59e694a3313285aa3,69005,manaus,AM
ecc6145bbfa0c34b1ae1c9a4c692a0d7,4c5c8643928c8b1da5cbd923d4210353,40010,salvador,BA
6d04847d9092efeac963eb31902d0a43,83357c37095ec67a68978a9ec28a0ace,90010,porto alegre,RS
38c0bb2aca4e88622c8a5c2049116823,5c98c4f3264e4df586f27b59652bb189,30130,belo horizonte,MG
68cde29939590bbae738e806ac7d3c63,94275c00cf34f4a7ad82948d7c738f4a,13015,campinas,SP
d4915d97a92fca81749c9e5e858e2f1d,e66cb3bfcb9326bbc0752ab898188e0a,01310,sao paulo,SP
191674df97efa41d685f8ed22594dc65,205e89014736b51b2d7ea5aa88834f7a,88010,florianopolis,SC
8f15806113f7ff9b09f38fbe02a2bac0,8a9a28c22d037e3eca09fec0d6dc9b48,69005,manaus,AM
1833f4c5d759380c4219d7be03c524c7,312016d27fb037872cea7ef21e0802c8,13015,campinas,SP
4a9961cb62012e997ab5fcd0d211ad8e,f7744932519dd0c72ac12b131d94f8bf,01310,sao paulo,SP
8dd0e6532f345a4e82a12de37844edf1,41402836a0645cdd7e248822b6d57a15,24020,niteroi,RJ
0bf4c98e8797fa1ab3f133521e6ed6c8,b47d3cc36e7130d320f97ec4432b6f74,69005,manaus,AM
8f0844d14f356cac618a990a562919ad,60a1733ad5d9aa219bddb77ff4724c57,40010,salvador,BA
6563ae5614a7f821a0f1d7fe051c11d6,639aeab85c16e8aeb70b881b8c65023f,88010,florianopolis,SC
22db173ee6dd55c55b72c81b1a57571d,3bc203c7bb5b4c8bae997b8a8351aaac,88010,florianopolis,SC
8160647abc5802310b3f7e51b87ad9c4,317233ca30d812d012801a336c7c4aff,20040,rio de janeiro,RJ
edc558d2d4600b5fb57ba88efa9d8e00,e24c426b6b60c5cf54b6d9029f29247a,04538,sao paulo,SP
5dfc84ec28b3db368db178862b44adb4,62ec616ce7db03d791e7e31ab55e83fd,88010,florianopolis,SC
38a030a76ca89a655075b24ff2b37d40,8d22acc4c0e293bb4a863d39c05ef4c3,13015,campinas,SP
0e5168d2f0120b38bb86c312355f8373,a402f83c0b87c06c0efc58d94ab38e66,01310,sao paulo,SP
7aac6bd9c13562851590ce8c487f6560,aa3b7f562427ee61cd23805893b964ea,40010,salvador,BA
a88d4d33a4bb6883b5db8760fc07b3f0,9eb04b77fbd9d6b063806940ce7f8f80,04538,sao paulo,SP
500e9a2635598c47ff40f88b12e6d3a3,63c91650ace608b2ee9e390d818c8c77,01310,sao paulo,SP
948df446fc9b6a6dbe02a3a3c4c90b75,a78fe587841a12fa6ac2fe8a644a9281,88010,florianopolis,SC
a98edb26803c91d65091fad4946a77ad,cf4ace04e0048bdf08d4dffaa705f4f5,01310,sao paulo,SP
78bee776ab4ba8511f882b266e6cff93,911410bb3573bcfca7b6f230ca06ae0e,01310,sao paulo,SP
f8728b28b5402fe354e0dc988295599c,ad75ade4a9789903b969098664af5fb2,04538,sao paulo,SP
df34fa9e8251fd425e38bcbeab540375,e90691c660f88f497bcac7e7f38c6a6b,40010,salvador,BA
0601da3ab88bd8fc6b3559a013e77463,970183cf6bfdfb459c667bc1e10bafd3,69005,manaus,AM
67a2aa023815a040f5ea293ca9d6db14,2b6cd867b1db755f98d057214720f36b,20040,rio de janeiro,RJ
1283dd15c10844243e50b5a8d97b0022,eacd1d13def9eb0a0136f9d93fb0b859,20040,rio de janeiro,RJ
