geolocation_zip_code_prefix,geolocation_lat,geolocation_lng,geolocation_city,geolocation_state
04538,-23.587323,-46.667281,sao paulo,SP
20040,-22.887099,-43.186278,rio de janeiro,RJ
01310,-23.552486,-46.647231,sao paulo,SP
24020,-22.893772,-43.125211,niteroi,RJ
40010,-12.952064,-38.503573,salvador,BA
13015,-22.888037,-47.054018,campinas,SP
20040,-22.887099,-43.186278,rio de janeiro,RJ
69005,-3.1063,-60.028206,manaus,AM
13015,-22.907808,-47.048494,campinas,SP
90010,-30.045392,-51.221655,porto alegre,RS
04538,-23.587323,-46.667281,sao paulo,SP
90010,-30.018951,-51.226821,porto alegre,RS
90010,-30.018951,-51.226821,porto alegre,RS
30130,-19.918715,-43.951421,belo horizonte,MG
80010,-25.419212,-49.253842,curitiba,PR
88010,-27.585697,-48.536811,florianopolis,SC
01310,38.722252,-9.139337,sao paulo,SP
30130,-19.931895,-43.927084,belo horizonte,MG
13015,-22.888037,-47.054018,campinas,SP
40010,-12.977367,-38.51354,salvador,BA
01310,-23.554007,-46.650406,sao paulo,SP
40010,-12.983356,-38.49494,salvador,BA
80010,-25.41893,-49.260196,curitiba,PR
88010,-27.576244,-48.556499,florianopolis,SC
88010,-27.580127,-48.537428,florianopolis,SC
13015,-22.900468,-47.067032,campinas,SP
13015,-22.905106,-47.077619,campinas,SP
90010,-30.024078,-51.237394,porto alegre,RS
88010,-27.5985,-48.53063,florianopolis,SC
69005,-3.116952,-60.029113,manaus,AM
24020,-22.879241,-43.111183,niteroi,RJ
69005,-3.113614,-60.003249,manaus,AM
40010,-12.952064,-38.503573,salvador,BA
80010,-25.419212,-49.253842,curitiba,PR
04538,-23.577706,-46.662008,sao paulo,SP
88010,-27.5985,-48.53063,florianopolis,SC
40010,-12.985539,-38.486862,salvador,BA
20040,-22.891694,-43.15859,rio de janeiro,RJ
59000,41.1579,-8.6291,natal,RN
01310,-23.564781,-46.646811,sao paulo,SP
80010,-25.432347,-49.279922,curitiba,PR
30130,-19.918715,-43.951421,belo horizonte,MG
69005,-3.116952,-60.029113,manaus,AM
04538,-23.573125,-46.700006,sao paulo,SP
24020,-22.879241,-43.111183,niteroi,RJ
01310,-23.552486,-46.647231,sao paulo,SP
