order_id,order_item_id,product_id,seller_id,shipping_limit_date,price,freight_value
e5620f777348599f74b2d1bed55aa1c2,1,490da2838524c7f5cf7a1ac308aaa0ab,45c0e7872136ef8e0f25c9fdaa8454e4,2018-02-22 10:59:08,89.9,12.79
d46b896218648029387898e1700d1b85,1,b550d9098b0a98a7380bbeec6b7f3d6b,3a2b925fcc0152aea491701c70cba9e4,2018-04-12 15:09:14,129.99,12.79
944a2989044cc77a56a6f2a9b03a0477,1,b550d9098b0a98a7380bbeec6b7f3d6b,71393ee3f2718094207495a7ca8802ec,2018-02-24 20:06:19,129.99,12.79
944a2989044cc77a56a6f2a9b03a0477,2,15f10da5de6819ee61a75ed982db6305,3a2b925fcc0152aea491701c70cba9e4,2018-02-24 20:06:19,59.0,15.1
c39c726f212bc5651808699edafef09b,1,67f9a99b37de0bcc6c98f925dec9c753,49fb13c297e4a46dac3cc0d22e4cdee5,2018-03-26 20:34:27,129.99,12.79
7726e9d973f265bad72825c76716a185,1,490da2838524c7f5cf7a1ac308aaa0ab,13e97e147f44f81c5affba0fdeac0460,2018-04-22 18:59:33,89.9,7.39
1ddcba5e1c8060b4208a845aa3003356,1,c4ce932a9136bba92ba176fcf7cc1cd9,71393ee3f2718094207495a7ca8802ec,2018-02-05 19:26:12,59.0,0.0
32b58c3b8833474fdf2a1c2f213382b3,1,41573d0f073e2e43299ae6ed8327732f,13e97e147f44f81c5affba0fdeac0460,2018-02-15 19:19:57,19.9,12.79
5ff9dedb233762a50ca3f7a9e3cd7173,1,b550d9098b0a98a7380bbeec6b7f3d6b,3a2b925fcc0152aea491701c70cba9e4,2018-03-17 07:20:10,129.99,7.39
9f17c242d6c28ee38e3a9e16dd077936,1,b4e76c4cb1565814a0e08b6ef275e675,45c0e7872136ef8e0f25c9fdaa8454e4,2018-04-30 21:50:59,0.0,24.84
9f17c242d6c28ee38e3a9e16dd077936,2,f5d1db1116ab4f194462c7302bc32ceb,45c0e7872136ef8e0f25c9fdaa8454e4,2018-04-30 21:50:59,89.9,7.39
d68a9685ece50dbdef06237818c72196,1,67f9a99b37de0bcc6c98f925dec9c753,71393ee3f2718094207495a7ca8802ec,2018-03-30 10:34:38,129.99,18.23
ca03e679732c8bdb9a283f48fea13e54,1,03e389aa5eb2d0c0a3bcbf1e45092885,45c0e7872136ef8e0f25c9fdaa8454e4,2018-02-15 07:44:10,249.0,18.23
a62d1708fe3b74d3e7233e7c5511ccbe,1,b550d9098b0a98a7380bbeec6b7f3d6b,71393ee3f2718094207495a7ca8802ec,2018-04-07 22:46:06,129.99,24.84
4233fca1fe7e40a0ad4e2876575d70f4,1,73c47cee0a25596dd5615151bfc45ea5,ab584be70f3100c019a68d5919b58414,2018-02-15 21:26:44,19.9,18.23
1d10fafb60d731378274dd9943802860,1,b4e76c4cb1565814a0e08b6ef275e675,71393ee3f2718094207495a7ca8802ec,2018-04-11 21:03:08,249.0,0.0
a2d98a9a6fc4e387867245590eda7660,1,f5d1db1116ab4f194462c7302bc32ceb,13e97e147f44f81c5affba0fdeac0460,2018-04-30 17:44:41,19.9,15.1
b60187a870be70750f348e3edaba96bd,1,46b60d341b5450f83f5ff0e824b77336,13e97e147f44f81c5affba0fdeac0460,2018-03-29 09:15:07,19.9,12.79
b60187a870be70750f348e3edaba96bd,2,b4e76c4cb1565814a0e08b6ef275e675,49fb13c297e4a46dac3cc0d22e4cdee5,2018-03-29 09:15:07,249.0,15.1
b60187a870be70750f348e3edaba96bd,3,73c47cee0a25596dd5615151bfc45ea5,13e97e147f44f81c5affba0fdeac0460,2018-03-29 09:15:07,19.9,24.84
001d3158a3acd7c2ffb8d6ebfb5716c8,1,ca3c317296cacf54fddb80a313242c5d,3a2b925fcc0152aea491701c70cba9e4,2018-04-16 09:39:24,34.5,15.1
5b577b95948386a7f99f3c8b04b33f4d,1,46b60d341b5450f83f5ff0e824b77336,71393ee3f2718094207495a7ca8802ec,2018-03-11 10:14:36,19.9,0.0
801a040f2db94ed0de924ac04d6a2624,1,29f47241592ccc02bebc24fda1fccecb,ab584be70f3100c019a68d5919b58414,2018-04-11 15:36:48,89.9,7.39
ea9e6af9173d5d4606aa5149a1776910,1,490da2838524c7f5cf7a1ac308aaa0ab,3a2b925fcc0152aea491701c70cba9e4,2018-03-16 10:45:20,89.9,18.23
599564de08cfc0880c6d33724b32363a,1,961a5683e62e6cbbd38427fef001c2d4,45c0e7872136ef8e0f25c9fdaa8454e4,2018-03-25 21:59:44,129.99,24.84
599564de08cfc0880c6d33724b32363a,2,73c47cee0a25596dd5615151bfc45ea5,ab584be70f3100c019a68d5919b58414,2018-03-25 21:59:44,19.9,12.79
c51624829419ee99bf6194fc40044379,1,b4e76c4cb1565814a0e08b6ef275e675,ab584be70f3100c019a68d5919b58414,2018-03-14 17:12:27,249.0,18.23
c51624829419ee99bf6194fc40044379,2,b4e76c4cb1565814a0e08b6ef275e675,49fb13c297e4a46dac3cc0d22e4cdee5,2018-03-14 17:12:27,249.0,15.1
46282945f345cc78fb630c91b7ada1ac,1,b4e76c4cb1565814a0e08b6ef275e675,ab584be70f3100c019a68d5919b58414,2018-01-19 18:48:38,249.0,24.84
aef5d0a66548b55716a59c6e7231bb4a,1,961a5683e62e6cbbd38427fef001c2d4,45c0e7872136ef8e0f25c9fdaa8454e4,2018-01-31 09:13:29,129.99,0.0
7623f891994c46f8807bcd79933cc706,1,15f10da5de6819ee61a75ed982db6305,ab584be70f3100c019a68d5919b58414,2018-03-01 16:17:19,59.0,15.1
50894fb28c7747d32da07217f19ffaf4,1,15f10da5de6819ee61a75ed982db6305,13e97e147f44f81c5affba0fdeac0460,2018-03-17 13:22:48,59.0,18.23
48d25cdccf4728b85aa3ed33b6cde1f8,1,73c47cee0a25596dd5615151bfc45ea5,ab584be70f3100c019a68d5919b58414,2018-02-25 08:42:49,19.9,0.0
0961833b068b69635a6e66d1b5f073c1,1,ca3c317296cacf54fddb80a313242c5d,ab584be70f3100c019a68d5919b58414,2018-03-20 22:57:13,34.5,15.1
0961833b068b69635a6e66d1b5f073c1,2,46b60d341b5450f83f5ff0e824b77336,3a2b925fcc0152aea491701c70cba9e4,2018-03-20 22:57:13,19.9,12.79
316db30841a5ea7c2aca980bdd21dbad,1,c4ce932a9136bba92ba176fcf7cc1cd9,45c0e7872136ef8e0f25c9fdaa8454e4,2018-04-22 09:27:32,59.0,24.84
4c8298f9bc00fc0029b5d64ce864e73f,1,03e389aa5eb2d0c0a3bcbf1e45092885,49fb13c297e4a46dac3cc0d22e4cdee5,2018-02-09 08:56:02,249.0,12.79
4c8298f9bc00fc0029b5d64ce864e73f,2,ca3c317296cacf54fddb80a313242c5d,71393ee3f2718094207495a7ca8802ec,2018-02-09 08:56:02,34.5,24.84
4c8298f9bc00fc0029b5d64ce864e73f,3,961a5683e62e6cbbd38427fef001c2d4,13e97e147f44f81c5affba0fdeac0460,2018-02-09 08:56:02,129.99,0.0
ab833f1170717c69e9343ebd614d8019,1,41573d0f073e2e43299ae6ed8327732f,45c0e7872136ef8e0f25c9fdaa8454e4,2018-03-07 20:02:24,19.9,24.84
6167ca5fe5d7acaf8cd1a639ee5675f4,1,46b60d341b5450f83f5ff0e824b77336,49fb13c297e4a46dac3cc0d22e4cdee5,2018-03-09 22:32:57,19.9,7.39
3aebcf993d36dfde87f7ba144432c9ed,1,f5d1db1116ab4f194462c7302bc32ceb,71393ee3f2718094207495a7ca8802ec,2018-04-17 21:49:17,19.9,15.1
00c4da4787af849a290ce1224834f82e,1,67f9a99b37de0bcc6c98f925dec9c753,71393ee3f2718094207495a7ca8802ec,2018-01-23 08:04:50,129.99,0.0
00c4da4787af849a290ce1224834f82e,2,46b60d341b5450f83f5ff0e824b77336,45c0e7872136ef8e0f25c9fdaa8454e4,2018-01-23 08:04:50,19.9,15.1
00c4da4787af849a290ce1224834f82e,3,ca3c317296cacf54fddb80a313242c5d,ab584be70f3100c019a68d5919b58414,2018-01-23 08:04:50,34.5,24.84
98e2cb26b371aa7f0b1f77c128c9f420,1,ca3c317296cacf54fddb80a313242c5d,49fb13c297e4a46dac3cc0d22e4cdee5,2018-03-11 16:21:42,34.5,18.23
b3fcabc9983de54f71d13fa097722ad9,1,67f9a99b37de0bcc6c98f925dec9c753,3a2b925fcc0152aea491701c70cba9e4,2018-04-17 10:41:30,129.99,12.79
d8e29a3d607edde578380f6a103c5d2a,1,490da2838524c7f5cf7a1ac308aaa0ab,ab584be70f3100c019a68d5919b58414,2018-03-12 18:48:51,89.9,12.79
c000f2ed03d854822a39460cbaae0969,1,490da2838524c7f5cf7a1ac308aaa0ab,ab584be70f3100c019a68d5919b58414,2018-01-22 20:54:05,89.9,0.0
a619004ec1a6865d52d800100b2c9caa,1,46b60d341b5450f83f5ff0e824b77336,13e97e147f44f81c5affba0fdeac0460,2018-03-08 09:05:14,19.9,15.1
f280030d30c3889e5adb4c18ca96f12d,1,46b60d341b5450f83f5ff0e824b77336,71393ee3f2718094207495a7ca8802ec,2018-03-07 16:07:33,19.9,0.0
e2c9b199bd8f337ce1dd3bcbf3376dcb,1,b4e76c4cb1565814a0e08b6ef275e675,ab584be70f3100c019a68d5919b58414,2018-01-28 16:31:39,249.0,7.39
e2c9b199bd8f337ce1dd3bcbf3376dcb,2,f5d1db1116ab4f194462c7302bc32ceb,3a2b925fcc0152aea491701c70cba9e4,2018-01-28 16:31:39,19.9,7.39
207bfed3e385d4dccf5f39d93c941654,1,f5d1db1116ab4f194462c7302bc32ceb,13e97e147f44f81c5affba0fdeac0460,2018-03-30 17:59:43,19.9,18.23
207bfed3e385d4dccf5f39d93c941654,2,46b60d341b5450f83f5ff0e824b77336,ab584be70f3100c019a68d5919b58414,2018-03-30 17:59:43,19.9,15.1
0314b857ad7abf888bb4f026b7dc0c19,1,490da2838524c7f5cf7a1ac308aaa0ab,49fb13c297e4a46dac3cc0d22e4cdee5,2018-02-11 18:03:43,89.9,18.23
0314b857ad7abf888bb4f026b7dc0c19,2,ca3c317296cacf54fddb80a313242c5d,49fb13c297e4a46dac3cc0d22e4cdee5,2018-02-11 18:03:43,34.5,18.23
0314b857ad7abf888bb4f026b7dc0c19,3,73c47cee0a25596dd5615151bfc45ea5,45c0e7872136ef8e0f25c9fdaa8454e4,2018-02-11 18:03:43,19.9,12.79
227779c47e5349d3f45a4ca5f8659e32,1,c4ce932a9136bba92ba176fcf7cc1cd9,49fb13c297e4a46dac3cc0d22e4cdee5,2018-04-20 20:18:59,59.0,24.84
227779c47e5349d3f45a4ca5f8659e32,2,490da2838524c7f5cf7a1ac308aaa0ab,45c0e7872136ef8e0f25c9fdaa8454e4,2018-04-20 20:18:59,89.9,0.0
9c8258f2d4ebe0822df6e6298e625eae,1,961a5683e62e6cbbd38427fef001c2d4,71393ee3f2718094207495a7ca8802ec,2018-04-23 09:19:27,129.99,24.84
3c507b8f43eefc8e7dad11be1a984fd4,1,f5d1db1116ab4f194462c7302bc32ceb,49fb13c297e4a46dac3cc0d22e4cdee5,2018-03-07 14:33:50,19.9,7.39
b25b5661fb29f41c1b443a7bd53ba3ed,1,f5d1db1116ab4f194462c7302bc32ceb,3a2b925fcc0152aea491701c70cba9e4,2018-02-23 08:03:27,19.9,18.23
26364283b6b875f47f8061c3a6f2d03a,1,67f9a99b37de0bcc6c98f925dec9c753,13e97e147f44f81c5affba0fdeac0460,2018-02-02 18:01:31,129.99,24.84
6459b20e128c27f773b070f29985d781,1,73c47cee0a25596dd5615151bfc45ea5,71393ee3f2718094207495a7ca8802ec,2018-01-23 07:30:41,19.9,15.1
6459b20e128c27f773b070f29985d781,2,f5d1db1116ab4f194462c7302bc32ceb,13e97e147f44f81c5affba0fdeac0460,2018-01-23 07:30:41,19.9,15.1
6459b20e128c27f773b070f29985d781,3,f5d1db1116ab4f194462c7302bc32ceb,49fb13c297e4a46dac3cc0d22e4cdee5,2018-01-23 07:30:41,19.9,12.79
a4ada47531650b6808cb78422395bca9,1,46b60d341b5450f83f5ff0e824b77336,45c0e7872136ef8e0f25c9fdaa8454e4,2018-03-16 14:13:44,19.9,12.79
a4ada47531650b6808cb78422395bca9,2,ca3c317296cacf54fddb80a313242c5d,45c0e7872136ef8e0f25c9fdaa8454e4,2018-03-16 14:13:44,34.5,7.39
9d7bd5d54bb425eb13d74dbd39028171,1,15f10da5de6819ee61a75ed982db6305,13e97e147f44f81c5affba0fdeac0460,2018-02-25 22:42:03,59.0,18.23
237661400ef9c99ce70e697afb30f1ab,1,b550d9098b0a98a7380bbeec6b7f3d6b,71393ee3f2718094207495a7ca8802ec,2018-01-12 13:54:04,129.99,15.1
97848d70a87165cfcae96c54b650da95,1,73c47cee0a25596dd5615151bfc45ea5,13e97e147f44f81c5affba0fdeac0460,2018-01-18 11:22:52,19.9,18.23
0baf1d72878f41b1610c3cb4bea794f9,1,b550d9098b0a98a7380bbeec6b7f3d6b,3a2b925fcc0152aea491701c70cba9e4,2018-02-18 15:21:30,129.99,24.84
0baf1d72878f41b1610c3cb4bea794f9,2,67f9a99b37de0bcc6c98f925dec9c753,45c0e7872136ef8e0f25c9fdaa8454e4,2018-02-18 15:21:30,129.99,7.39
0baf1d72878f41b1610c3cb4bea794f9,3,b4e76c4cb1565814a0e08b6ef275e675,45c0e7872136ef8e0f25c9fdaa8454e4,2018-02-18 15:21:30,249.0,24.84
f8dd8da169f70bee099b6ed8a9a57a78,1,490da2838524c7f5cf7a1ac308aaa0ab,ab584be70f3100c019a68d5919b58414,2018-04-04 21:40:52,89.9,24.84
a40bb23a34b281d34c383ea79065de5d,1,15f10da5de6819ee61a75ed982db6305,71393ee3f2718094207495a7ca8802ec,2018-01-31 09:47:21,59.0,0.0
a88713d08349a076f5af37a201c6f62b,1,ca3c317296cacf54fddb80a313242c5d,13e97e147f44f81c5affba0fdeac0460,2018-02-11 19:16:12,34.5,12.79
447771c73ae386e6ac67886560c1372d,1,41573d0f073e2e43299ae6ed8327732f,3a2b925fcc0152aea491701c70cba9e4,2018-03-31 17:20:50,19.9,0.0
acc72d41e945e127a1887b8c6bb0b4d4,1,73c47cee0a25596dd5615151bfc45ea5,71393ee3f2718094207495a7ca8802ec,2018-04-16 09:41:58,19.9,18.23
