order_id,payment_sequential,payment_type,payment_installments,payment_value
e5620f777348599f74b2d1bed55aa1c2,1,debit_card,1,102.69
d46b896218648029387898e1700d1b85,1,boleto,1,142.78
944a2989044cc77a56a6f2a9b03a0477,1,credit_card,3,173.5
944a2989044cc77a56a6f2a9b03a0477,2,voucher,1,43.38
d815483e26afeaf4ed61d98b94bed552,1,boleto,1,45.9
c39c726f212bc5651808699edafef09b,1,debit_card,1,142.78
7726e9d973f265bad72825c76716a185,1,credit_card,3,97.29
1ddcba5e1c8060b4208a845aa3003356,1,boleto,1,59.0
32b58c3b8833474fdf2a1c2f213382b3,1,credit_card,10,35.89
5ff9dedb233762a50ca3f7a9e3cd7173,1,debit_card,1,137.38
9f17c242d6c28ee38e3a9e16dd077936,1,credit_card,5,122.13
d68a9685ece50dbdef06237818c72196,1,credit_card,6,148.22
ca03e679732c8bdb9a283f48fea13e54,1,pix,1,267.23
a62d1708fe3b74d3e7233e7c5511ccbe,1,credit_card,5,154.83
4233fca1fe7e40a0ad4e2876575d70f4,1,credit_card,10,38.13
1d10fafb60d731378274dd9943802860,1,credit_card,3,249.0
a2d98a9a6fc4e387867245590eda7660,1,credit_card,1,35.0
b60187a870be70750f348e3edaba96bd,1,credit_card,2,341.53
001d3158a3acd7c2ffb8d6ebfb5716c8,1,credit_card,5,49.6
5b577b95948386a7f99f3c8b04b33f4d,1,boleto,1,19.9
801a040f2db94ed0de924ac04d6a2624,1,debit_card,1,97.29
ea9e6af9173d5d4606aa5149a1776910,1,boleto,1,108.13
599564de08cfc0880c6d33724b32363a,1,credit_card,3,187.52
c51624829419ee99bf6194fc40044379,1,credit_card,7,531.33
46282945f345cc78fb630c91b7ada1ac,1,debit_card,1,273.84
aef5d0a66548b55716a59c6e7231bb4a,1,debit_card,1,129.99
7623f891994c46f8807bcd79933cc706,1,debit_card,1,74.1
50894fb28c7747d32da07217f19ffaf4,1,boleto,1,77.23
48d25cdccf4728b85aa3ed33b6cde1f8,1,debit_card,1,19.9
0961833b068b69635a6e66d1b5f073c1,1,debit_card,1,82.29
316db30841a5ea7c2aca980bdd21dbad,1,debit_card,1,83.84
4c8298f9bc00fc0029b5d64ce864e73f,1,debit_card,1,451.12
ab833f1170717c69e9343ebd614d8019,1,boleto,1,44.74
6167ca5fe5d7acaf8cd1a639ee5675f4,1,boleto,1,27.29
3aebcf993d36dfde87f7ba144432c9ed,1,boleto,1,35.0
00c4da4787af849a290ce1224834f82e,1,credit_card,3,224.33
98e2cb26b371aa7f0b1f77c128c9f420,1,boleto,1,52.73
b3fcabc9983de54f71d13fa097722ad9,1,credit_card,7,142.78
d8e29a3d607edde578380f6a103c5d2a,1,debit_card,1,102.69
c000f2ed03d854822a39460cbaae0969,1,debit_card,1,89.9
a619004ec1a6865d52d800100b2c9caa,1,credit_card,3,35.0
f280030d30c3889e5adb4c18ca96f12d,1,credit_card,7,19.9
e2c9b199bd8f337ce1dd3bcbf3376dcb,1,boleto,1,283.68
207bfed3e385d4dccf5f39d93c941654,1,credit_card,2,73.13
0314b857ad7abf888bb4f026b7dc0c19,1,boleto,1,193.55
227779c47e5349d3f45a4ca5f8659e32,1,debit_card,1,173.74
9c8258f2d4ebe0822df6e6298e625eae,1,credit_card,4,154.83
3c507b8f43eefc8e7dad11be1a984fd4,1,credit_card,10,27.29
b25b5661fb29f41c1b443a7bd53ba3ed,1,boleto,1,38.13
26364283b6b875f47f8061c3a6f2d03a,1,credit_card,8,154.83
6459b20e128c27f773b070f29985d781,1,credit_card,9,102.69
a4ada47531650b6808cb78422395bca9,1,credit_card,8,74.58
9d7bd5d54bb425eb13d74dbd39028171,1,debit_card,1,77.23
237661400ef9c99ce70e697afb30f1ab,1,boleto,1,145.09
97848d70a87165cfcae96c54b650da95,1,debit_card,1,38.13
0baf1d72878f41b1610c3cb4bea794f9,1,credit_card,5,566.05
f8dd8da169f70bee099b6ed8a9a57a78,1,credit_card,5,114.74
a40bb23a34b281d34c383ea79065de5d,1,debit_card,1,59.0
a88713d08349a076f5af37a201c6f62b,1,debit_card,1,47.29
447771c73ae386e6ac67886560c1372d,1,debit_card,1,19.9
acc72d41e945e127a1887b8c6bb0b4d4,1,boleto,1,38.13
