order_id,customer_id,order_status,order_purchase_timestamp,order_approved_at,order_delivered_carrier_date,order_delivered_customer_date,order_estimated_delivery_date
e5620f777348599f74b2d1bed55aa1c2,13b8e2ac41d86c40ffc3c7746a9741ce,delivered,2018-02-18 10:59:08,2018-02-18 20:51:08,2018-02-20 13:59:08,2018-02-24 13:59:08,2018-03-04 00:00:00
d46b896218648029387898e1700d1b85,17ec1daf9a2bbb04f0ef626896beb414,delivered,2018-04-08 15:09:14,2018-04-08 17:16:14,2018-04-10 18:09:14,2018-04-30 00:09:14,2018-04-20 00:00:00
944a2989044cc77a56a6f2a9b03a0477,e428d7bec99f0cbc87a718d3f1d306a2,delivered,2018-02-20 20:06:19,2018-02-20 23:20:19,2018-02-22 23:06:19,2018-03-01 03:06:19,2018-03-07 00:00:00
d815483e26afeaf4ed61d98b94bed552,db70aa9a9ed0841ed2626ff3ecb2aa04,canceled,2018-03-11 10:20:50,2018-03-11 12:26:50,,,2018-03-26 00:00:00
c39c726f212bc5651808699edafef09b,9232d1a51a77772d15b2ae64abdbfd63,shipped,2018-03-22 20:34:27,2018-03-22 21:05:27,2018-03-24 23:34:27,,2018-04-06 00:00:00
7726e9d973f265bad72825c76716a185,c9c0d25183d326a82f69648742402739,delivered,2018-04-18 18:59:33,2018-04-18 21:03:33,2018-04-20 21:59:33,2018-04-26 22:59:33,2018-05-03 00:00:00
1ddcba5e1c8060b4208a845aa3003356,15e55dc07099ff63a6ad90c17330da5f,delivered,2018-02-01 19:26:12,2018-02-01 20:33:12,2018-02-03 22:26:12,2018-02-09 22:26:12,2018-02-16 00:00:00
32b58c3b8833474fdf2a1c2f213382b3,f0136e54cd0a2d3c73d3512cb25dc920,delivered,2018-02-11 19:19:57,2018-02-12 02:18:57,2018-02-13 22:19:57,2018-02-19 23:19:57,2018-02-26 00:00:00
5ff9dedb233762a50ca3f7a9e3cd7173,a586e3ee9452af86859a1eb699e7c1e4,delivered,2018-03-13 07:20:10,2018-03-13 14:29:10,2018-03-15 10:20:10,2018-03-10 11:20:10,2018-03-28 00:00:00
9f17c242d6c28ee38e3a9e16dd077936,b597486f77525d65882216fe14270777,delivered,2018-04-26 21:50:59,2018-04-27 01:12:59,2018-04-29 00:50:59,2018-05-04 22:50:59,2018-05-11 00:00:00
d68a9685ece50dbdef06237818c72196,86c102be308e71bfa2622b24c9a04c64,delivered,2018-03-26 10:34:38,2018-03-26 16:59:38,2018-03-28 13:34:38,2018-04-03 15:34:38,2018-04-10 00:00:00
ca03e679732c8bdb9a283f48fea13e54,1bb8df6b4047c9338f27e3936f6100a0,delivered,2018-02-11 07:44:10,2018-02-11 14:59:10,2018-02-13 10:44:10,2018-02-19 15:44:10,2018-02-26 00:00:00
a62d1708fe3b74d3e7233e7c5511ccbe,ece4a0a5ae096867de060e656f8c0201,delivered,2018-04-03 22:46:06,2018-04-04 01:54:06,2018-04-06 01:46:06,2018-04-12 06:46:06,2018-04-18 00:00:00
4233fca1fe7e40a0ad4e2876575d70f4,3e1743145b30317a203c7408ea8ed756,delivered,2018-02-11 21:26:44,2018-02-12 07:21:44,2018-02-14 00:26:44,2018-02-19 23:26:44,2018-02-26 00:00:00
1d10fafb60d731378274dd9943802860,ce223e1b966741d9280fa0d4d056dbc2,delivered,2018-04-07 21:03:08,2018-04-08 05:16:08,2018-04-10 00:03:08,2018-04-15 22:03:08,2018-04-22 00:00:00
a2d98a9a6fc4e387867245590eda7660,ef6341e0e4a1711f194a51d55a721e75,delivered,2018-04-26 17:44:41,2018-04-27 03:16:41,2018-04-28 20:44:41,2018-05-04 19:44:41,2018-05-11 00:00:00
b60187a870be70750f348e3edaba96bd,cf4f64474e80da355796533d6dd6d2d8,delivered,2018-03-25 09:15:07,2018-03-25 14:51:07,2018-03-27 12:15:07,2018-04-01 15:15:07,2018-04-20 00:00:00
001d3158a3acd7c2ffb8d6ebfb5716c8,af6a9d46fb53a88f38d89c185b6f8dba,delivered,2018-04-12 09:39:24,2018-04-12 11:24:24,2018-04-14 12:39:24,2018-04-23 16:39:24,2018-04-25 00:00:00
5b577b95948386a7f99f3c8b04b33f4d,2438d97ff705d3bf74cde4fa62634514,delivered,2018-03-07 10:14:36,2018-03-07 19:14:36,2018-03-09 13:14:36,2018-03-20 12:14:36,2018-03-19 00:00:00
801a040f2db94ed0de924ac04d6a2624,54e502e6915447f00b2b7c998ea13ccf,delivered,2018-04-07 15:36:48,2018-04-07 22:13:48,2018-04-09 18:36:48,2018-05-03 00:36:48,2018-04-21 00:00:00
ea9e6af9173d5d4606aa5149a1776910,ebfe88729ce36adf05d109c9a11e9f72,delivered,2018-03-12 10:45:20,2018-03-12 18:03:20,2018-03-14 13:45:20,2018-04-02 17:45:20,2018-04-03 00:00:00
599564de08cfc0880c6d33724b32363a,67d75ba4d2460fe154e47f4d31715df9,delivered,2018-03-21 21:59:44,2018-03-21 23:28:44,2018-03-24 00:59:44,2018-04-10 01:59:44,2018-04-14 00:00:00
c51624829419ee99bf6194fc40044379,f653b2336f18cf3429374b3af56e3140,delivered,2018-03-10 17:12:27,2018-03-11 00:35:27,2018-03-12 20:12:27,2018-04-01 23:12:27,2018-03-24 00:00:00
46282945f345cc78fb630c91b7ada1ac,338611dc522e4e02f72495b86ba7f8ac,delivered,2018-01-15 18:48:38,2018-01-15 23:32:38,2018-01-17 21:48:38,2018-02-08 23:48:38,2018-01-29 00:00:00
aef5d0a66548b55716a59c6e7231bb4a,d689594426f3143d92a0642235b71524,delivered,2018-01-27 09:13:29,2018-01-27 16:16:29,2018-01-29 12:13:29,2018-02-01 16:13:29,2018-02-26 00:00:00
7623f891994c46f8807bcd79933cc706,9f2146250bb3a44fb16f8a8436aa00bc,delivered,2018-02-25 16:17:19,2018-02-25 20:34:19,2018-02-27 19:17:19,2018-03-02 01:17:19,2018-03-10 00:00:00
50894fb28c7747d32da07217f19ffaf4,3a1a0ed3bf9378ce0fc645135779a5fb,delivered,2018-03-13 13:22:48,2018-03-13 20:44:48,2018-03-15 16:22:48,2018-04-03 15:22:48,2018-03-24 00:00:00
48d25cdccf4728b85aa3ed33b6cde1f8,a80f7c851761cf4e9819b6285411ae99,delivered,2018-02-21 08:42:49,2018-02-21 09:37:49,2018-02-23 11:42:49,2018-03-02 14:42:49,2018-03-18 00:00:00
0961833b068b69635a6e66d1b5f073c1,374d145a7e4d12a2a008679e77f6e807,delivered,2018-03-16 22:57:13,2018-03-17 01:07:13,2018-03-19 01:57:13,2018-03-29 02:57:13,2018-04-02 00:00:00
316db30841a5ea7c2aca980bdd21dbad,46218dd0f1902d8fef2ee361886c38b0,delivered,2018-04-18 09:27:32,2018-04-18 18:58:32,2018-04-20 12:27:32,2018-05-13 13:27:32,2018-05-17 00:00:00
4c8298f9bc00fc0029b5d64ce864e73f,ecc6145bbfa0c34b1ae1c9a4c692a0d7,delivered,2018-02-05 08:56:02,2018-02-05 11:49:02,2018-02-07 11:56:02,2018-02-16 12:56:02,2018-02-27 00:00:00
ab833f1170717c69e9343ebd614d8019,6d04847d9092efeac963eb31902d0a43,delivered,2018-03-03 20:02:24,2018-03-03 21:50:24,2018-03-05 23:02:24,2018-03-12 21:02:24,2018-04-02 00:00:00
6167ca5fe5d7acaf8cd1a639ee5675f4,38c0bb2aca4e88622c8a5c2049116823,delivered,2018-03-05 22:32:57,2018-03-05 23:00:57,2018-03-08 01:32:57,2018-03-23 07:32:57,2018-04-01 00:00:00
3aebcf993d36dfde87f7ba144432c9ed,68cde29939590bbae738e806ac7d3c63,delivered,2018-04-13 21:49:17,2018-04-13 23:48:17,2018-04-16 00:49:17,2018-04-28 05:49:17,2018-05-01 00:00:00
00c4da4787af849a290ce1224834f82e,d4915d97a92fca81749c9e5e858e2f1d,delivered,2018-01-19 08:04:50,2018-01-19 08:17:50,2018-01-21 11:04:50,2018-02-01 13:04:50,2018-02-04 00:00:00
98e2cb26b371aa7f0b1f77c128c9f420,191674df97efa41d685f8ed22594dc65,delivered,2018-03-07 16:21:42,2018-03-08 01:09:42,2018-03-09 19:21:42,2018-03-26 22:21:42,2018-03-31 00:00:00
b3fcabc9983de54f71d13fa097722ad9,8f15806113f7ff9b09f38fbe02a2bac0,delivered,2018-04-13 10:41:30,2018-04-13 12:38:30,2018-04-15 13:41:30,2018-04-19 12:41:30,2018-05-09 00:00:00
d8e29a3d607edde578380f6a103c5d2a,1833f4c5d759380c4219d7be03c524c7,delivered,2018-03-08 18:48:51,2018-03-09 03:59:51,2018-03-10 21:48:51,2018-03-26 21:48:51,2018-04-01 00:00:00
c000f2ed03d854822a39460cbaae0969,4a9961cb62012e997ab5fcd0d211ad8e,delivered,2018-01-18 20:54:05,2018-01-19 00:36:05,2018-01-20 23:54:05,2018-02-03 05:54:05,2018-02-17 00:00:00
a619004ec1a6865d52d800100b2c9caa,8dd0e6532f345a4e82a12de37844edf1,delivered,2018-03-04 09:05:14,2018-03-04 10:46:14,2018-03-06 12:05:14,2018-03-10 15:05:14,2018-03-27 00:00:00
f280030d30c3889e5adb4c18ca96f12d,0bf4c98e8797fa1ab3f133521e6ed6c8,delivered,2018-03-03 16:07:33,2018-03-03 19:02:33,2018-03-05 19:07:33,2018-03-09 00:07:33,2018-03-20 00:00:00
e2c9b199bd8f337ce1dd3bcbf3376dcb,8f0844d14f356cac618a990a562919ad,delivered,2018-01-24 16:31:39,2018-01-24 23:20:39,2018-01-26 19:31:39,2018-02-11 22:31:39,2018-02-23 00:00:00
207bfed3e385d4dccf5f39d93c941654,6563ae5614a7f821a0f1d7fe051c11d6,delivered,2018-03-26 17:59:43,2018-03-27 02:18:43,2018-03-28 20:59:43,2018-04-07 21:59:43,2018-04-20 00:00:00
0314b857ad7abf888bb4f026b7dc0c19,22db173ee6dd55c55b72c81b1a57571d,delivered,2018-02-07 18:03:43,2018-02-08 02:27:43,2018-02-09 21:03:43,2018-02-24 21:03:43,2018-03-06 00:00:00
227779c47e5349d3f45a4ca5f8659e32,8160647abc5802310b3f7e51b87ad9c4,delivered,2018-04-16 20:18:59,2018-04-17 01:01:59,2018-04-18 23:18:59,2018-05-06 23:18:59,2018-05-10 00:00:00
9c8258f2d4ebe0822df6e6298e625eae,edc558d2d4600b5fb57ba88efa9d8e00,delivered,2018-04-19 09:19:27,2018-04-19 14:31:27,2018-04-21 12:19:27,2018-05-08 12:19:27,2018-05-16 00:00:00
3c507b8f43eefc8e7dad11be1a984fd4,5dfc84ec28b3db368db178862b44adb4,delivered,2018-03-03 14:33:50,2018-03-04 00:12:50,2018-03-05 17:33:50,2018-03-23 17:33:50,2018-04-01 00:00:00
b25b5661fb29f41c1b443a7bd53ba3ed,38a030a76ca89a655075b24ff2b37d40,delivered,2018-02-19 08:03:27,2018-02-19 12:19:27,2018-02-21 11:03:27,2018-03-14 11:03:27,2018-03-13 00:00:00
26364283b6b875f47f8061c3a6f2d03a,0e5168d2f0120b38bb86c312355f8373,delivered,2018-01-29 18:01:31,2018-01-29 23:36:31,2018-01-31 21:01:31,2018-02-18 20:01:31,2018-02-13 00:00:00
6459b20e128c27f773b070f29985d781,7aac6bd9c13562851590ce8c487f6560,delivered,2018-01-19 07:30:41,2018-01-19 11:34:41,2018-01-21 10:30:41,2018-02-03 12:30:41,2018-02-06 00:00:00
a4ada47531650b6808cb78422395bca9,a88d4d33a4bb6883b5db8760fc07b3f0,delivered,2018-03-12 14:13:44,2018-03-12 17:34:44,2018-03-14 17:13:44,2018-03-26 16:13:44,2018-03-26 00:00:00
9d7bd5d54bb425eb13d74dbd39028171,500e9a2635598c47ff40f88b12e6d3a3,delivered,2018-02-21 22:42:03,2018-02-22 05:52:03,2018-02-24 01:42:03,2018-03-08 05:42:03,2018-03-06 00:00:00
237661400ef9c99ce70e697afb30f1ab,948df446fc9b6a6dbe02a3a3c4c90b75,delivered,2018-01-08 13:54:04,2018-01-08 15:59:04,2018-01-10 16:54:04,2018-01-29 16:54:04,2018-01-30 00:00:00
97848d70a87165cfcae96c54b650da95,a98edb26803c91d65091fad4946a77ad,delivered,2018-01-14 11:22:52,2018-01-14 17:02:52,2018-01-16 14:22:52,2018-01-22 14:22:52,2018-01-26 00:00:00
0baf1d72878f41b1610c3cb4bea794f9,78bee776ab4ba8511f882b266e6cff93,delivered,2018-02-14 15:21:30,2018-02-14 23:33:30,2018-02-16 18:21:30,2018-02-23 22:21:30,2018-03-13 00:00:00
f8dd8da169f70bee099b6ed8a9a57a78,f8728b28b5402fe354e0dc988295599c,delivered,2018-03-31 21:40:52,2018-04-01 03:58:52,2018-04-03 00:40:52,2018-04-14 02:40:52,2018-04-11 00:00:00
a40bb23a34b281d34c383ea79065de5d,df34fa9e8251fd425e38bcbeab540375,delivered,2018-01-27 09:47:21,2018-01-27 15:38:21,2018-01-29 12:47:21,2018-02-21 18:47:21,2018-02-06 00:00:00
a88713d08349a076f5af37a201c6f62b,0601da3ab88bd8fc6b3559a013e77463,delivered,2018-02-07 19:16:12,2018-02-08 03:45:12,2018-02-09 22:16:12,2018-02-12 03:16:12,2018-03-04 00:00:00
447771c73ae386e6ac67886560c1372d,67a2aa023815a040f5ea293ca9d6db14,delivered,2018-03-27 17:20:50,2018-03-27 21:50:50,2018-03-29 20:20:50,2018-04-14 01:20:50,2018-04-11 00:00:00
acc72d41e945e127a1887b8c6bb0b4d4,1283dd15c10844243e50b5a8d97b0022,delivered,2018-04-12 09:41:58,2018-04-12 12:08:58,2018-04-14 12:41:58,2018-04-15 11:41:58,2018-04-27 00:00:00
