review_id,order_id,review_score,review_comment_title,review_comment_message,review_creation_date,review_answer_timestamp
b2b0503f50a3e380a3dae3e881c7aa72,e5620f777348599f74b2d1bed55aa1c2,5,,,2018-02-27 00:00:00,2018-02-28 20:59:00
bf6706e3aa65e8befa0e83679de0ba38,d46b896218648029387898e1700d1b85,1,Atrasou,Chegou muito depois do prazo.,2018-05-01 00:00:00,2018-05-02 07:21:00
8fb0c51d220238f63df3ddc19c76be9f,944a2989044cc77a56a6f2a9b03a0477,4,,,2018-03-03 00:00:00,2018-03-04 18:30:00
bd58239b46b61f79d6c5d10cdc9a0c52,7726e9d973f265bad72825c76716a185,2,,Produto errado,2018-04-29 00:00:00,2018-04-30 02:07:00
badc7bf4759d823062d7cdc3cb58149d,7726e9d973f265bad72825c76716a185,4,Resolvido,"Trocaram o produto, ""nota 10"" pelo atendimento.",2018-05-02 00:00:00,2018-05-03 13:06:00
2dc4d9c91512a78fceda6f75ae6fa26b,32b58c3b8833474fdf2a1c2f213382b3,5,,,2018-02-21 00:00:00,2018-02-22 15:32:00
698d9d1337f58b0653834f29937940c4,5ff9dedb233762a50ca3f7a9e3cd7173,3,,,2018-03-13 00:00:00,2018-03-14 15:22:00
38d9b98a311c811a65bde99bbba07c91,9f17c242d6c28ee38e3a9e16dd077936,4,,,2018-05-05 00:00:00,2018-05-06 05:55:00
9e5b1fed61bde7ea50f471ad7c82c29e,d68a9685ece50dbdef06237818c72196,7,Otimo,"Recomendo.
Chegou antes do prazo e bem embalado:
""perfeito"".",2018-04-05 00:00:00,2018-04-06 16:18:00
534ad3acc34afb2aaa6fb8d23156eede,ca03e679732c8bdb9a283f48fea13e54,5,,,2018-02-22 00:00:00,2018-02-23 17:04:00
cb5e6a7fdb2201862e2a17814bfbbfc6,a62d1708fe3b74d3e7233e7c5511ccbe,5,,,2018-04-13 00:00:00,2018-04-14 02:59:00
45cd6035565a2921d5eb94a4d84b3f8d,4233fca1fe7e40a0ad4e2876575d70f4,5,,,2018-02-21 00:00:00,2018-02-22 18:34:00
933df2ccc77a66756a12a38b817c846f,1d10fafb60d731378274dd9943802860,4,,,2018-04-18 00:00:00,2018-04-19 19:31:00
933df2ccc77a66756a12a38b817c846f,a2d98a9a6fc4e387867245590eda7660,4,,,2018-05-07 00:00:00,2018-05-08 14:45:00
59880714447ca8125bb69dc6045c0967,b60187a870be70750f348e3edaba96bd,5,,,2018-04-02 00:00:00,2018-04-03 15:01:00
09886f78898d761e0111d157ff9c9da9,001d3158a3acd7c2ffb8d6ebfb5716c8,5,,,2018-04-25 00:00:00,2018-04-26 04:36:00
1afac71c7291c347e73d99aee889e92e,5b577b95948386a7f99f3c8b04b33f4d,5,,,2018-03-23 00:00:00,2018-03-24 10:18:00
7291bb49102cde5099a2960c2079951d,801a040f2db94ed0de924ac04d6a2624,5,,,2018-05-04 00:00:00,2018-05-05 04:51:00
68ea9d0b86ad72eefd7aabdcab4bbc12,ea9e6af9173d5d4606aa5149a1776910,5,,,2018-04-04 00:00:00,2018-04-05 12:40:00
4b03c672652491f8abd47276063781c0,599564de08cfc0880c6d33724b32363a,3,,,2018-04-13 00:00:00,2018-04-14 13:43:00
fc8d7e404ed3cf82bf36b528a5f7f8f6,c51624829419ee99bf6194fc40044379,4,,,2018-04-02 00:00:00,2018-04-03 02:55:00
2a69ba38122f9775812f00e4ce8aa9e3,46282945f345cc78fb630c91b7ada1ac,3,,,2018-02-10 00:00:00,2018-02-11 14:42:00
f8586352edc6df22189751955a9f02ba,aef5d0a66548b55716a59c6e7231bb4a,4,,,2018-02-04 00:00:00,2018-02-05 06:32:00
5fcec11c14dfb5ba8e7730e78719b798,50894fb28c7747d32da07217f19ffaf4,3,,,2018-04-04 00:00:00,2018-04-05 12:33:00
6c6cd7526e3712d3abc1ee4f680f63f9,48d25cdccf4728b85aa3ed33b6cde1f8,3,,,2018-03-04 00:00:00,2018-03-05 06:47:00
9da558174121e029963912343d474a82,0961833b068b69635a6e66d1b5f073c1,5,,,2018-04-01 00:00:00,2018-04-02 02:07:00
020cf233c7ed233561b30fbfb624d8a7,316db30841a5ea7c2aca980bdd21dbad,1,,,2018-05-14 00:00:00,2018-05-15 18:55:00
37e6b61f16ef1e140563e3e44125d13f,4c8298f9bc00fc0029b5d64ce864e73f,5,,,2018-02-18 00:00:00,2018-02-19 15:27:00
6ce66dcbcf9d5d155a3972f088c49921,ab833f1170717c69e9343ebd614d8019,4,,,2018-03-15 00:00:00,2018-03-16 03:51:00
f36c89e1c6500cd90f74abf6639fe93e,6167ca5fe5d7acaf8cd1a639ee5675f4,3,,,2018-03-24 00:00:00,2018-03-25 12:06:00
a11e7a72f9508b8e5d00bd4c89da2bbc,3aebcf993d36dfde87f7ba144432c9ed,5,,,2018-04-30 00:00:00,2018-05-01 11:05:00
f9c104bd52556b19c7be308366c4c487,00c4da4787af849a290ce1224834f82e,5,,,2018-02-04 00:00:00,2018-02-05 04:31:00
e9fb7c3dffd93d2f7f3ef6003cc7a1b2,98e2cb26b371aa7f0b1f77c128c9f420,4,,,2018-03-27 00:00:00,2018-03-28 05:45:00
7edf6b3219d1a6060a91516369dedb59,b3fcabc9983de54f71d13fa097722ad9,5,,,2018-04-21 00:00:00,2018-04-22 09:39:00
677efc4651f528c10c6d801e4d57b068,d8e29a3d607edde578380f6a103c5d2a,1,,,2018-03-29 00:00:00,2018-03-30 17:28:00
298c94b48b0229ae616f1b2772444ed8,c000f2ed03d854822a39460cbaae0969,5,,,2018-02-04 00:00:00,2018-02-05 08:08:00
f8bd0a8d41927d1d6941cabed048a712,a619004ec1a6865d52d800100b2c9caa,4,,,2018-03-12 00:00:00,2018-03-13 05:31:00
96fb5a1f01eee4d25a3aa432a787fc0e,f280030d30c3889e5adb4c18ca96f12d,4,,,2018-03-12 00:00:00,2018-03-13 19:03:00
5ba778ead20e43ed3c0ab56fc07afb08,e2c9b199bd8f337ce1dd3bcbf3376dcb,3,,,2018-02-12 00:00:00,2018-02-13 09:12:00
2da6671e44d13573f497fcf1a9d10948,207bfed3e385d4dccf5f39d93c941654,4,,,2018-04-09 00:00:00,2018-04-10 18:29:00
4db8dd700b6c2d941ff5913bda6a601c,0314b857ad7abf888bb4f026b7dc0c19,5,,,2018-02-27 00:00:00,2018-02-28 10:24:00
c796baafe29d0b37486af4df72b37534,227779c47e5349d3f45a4ca5f8659e32,5,,,2018-05-07 00:00:00,2018-05-08 03:19:00
2cd320b8fa92b790ac83629e2d8893e4,9c8258f2d4ebe0822df6e6298e625eae,3,,,2018-05-10 00:00:00,2018-05-11 16:39:00
997be9ccd46e02d28bc2a61c1d47b75d,3c507b8f43eefc8e7dad11be1a984fd4,1,,,2018-03-26 00:00:00,2018-03-27 12:42:00
eea2c90a111d4f960a720d1495ac2fb1,b25b5661fb29f41c1b443a7bd53ba3ed,1,,,2018-03-15 00:00:00,2018-03-16 10:50:00
0ed67777a46939f5438dd50d477da29d,26364283b6b875f47f8061c3a6f2d03a,3,,,2018-02-20 00:00:00,2018-02-21 14:03:00
cbdf681f759f8fd424db8ee1c1c781e4,6459b20e128c27f773b070f29985d781,5,,,2018-02-06 00:00:00,2018-02-07 17:58:00
6c07e3538c4e199dcb939c5d2c9f3bc4,a4ada47531650b6808cb78422395bca9,5,,,2018-03-27 00:00:00,2018-03-28 08:18:00
503f0491948afb97701aa7941c758949,9d7bd5d54bb425eb13d74dbd39028171,4,,,2018-03-10 00:00:00,2018-03-11 03:18:00
c3996d385cbccd51d525a8080e6ca473,237661400ef9c99ce70e697afb30f1ab,3,,,2018-02-01 00:00:00,2018-02-02 02:40:00
adda8ae94539e4ef1fbb3e302e0b3139,97848d70a87165cfcae96c54b650da95,5,,,2018-01-23 00:00:00,2018-01-24 20:54:00
f1a256f4b32505f6d3870f3f8bff2401,0baf1d72878f41b1610c3cb4bea794f9,1,,,2018-02-25 00:00:00,2018-02-26 06:32:00
18f2535e0361b5c4dd0e0fc9ef0f6c66,f8dd8da169f70bee099b6ed8a9a57a78,5,,,2018-04-17 00:00:00,2018-04-18 04:36:00
f4692a5a262aaf2550f8f387ba0fe2fa,a40bb23a34b281d34c383ea79065de5d,1,,,2018-02-22 00:00:00,2018-02-23 11:55:00
ed3bcbd6ac73d044dcb8f6cf087e89d1,a88713d08349a076f5af37a201c6f62b,5,,,2018-02-14 00:00:00,2018-02-15 13:03:00
7009113e4b5e1eaea92b119dd0a77683,447771c73ae386e6ac67886560c1372d,1,,,2018-04-17 00:00:00,2018-04-18 03:54:00
85c99e7f542d828cfd01d179a85cb39b,acc72d41e945e127a1887b8c6bb0b4d4,4,,,2018-04-16 00:00:00,2018-04-17 12:17:00
