countryiso3,date,admin1,admin2,market,market_id,latitude,longitude,category,commodity,commodity_id,unit,priceflag,pricetype,currency,price,usdprice
TCD,2026-01-15,Barh El Gazal,Barh El Gazel Sud,Moussoro,233,13.64,16.49,cereals and tubers,Rice (imported),64,KG,actual,Retail,XAF,616.62,1.07
TCD,2026-01-15,Barh El Gazal,Barh El Gazel Sud,Moussoro,233,13.64,16.49,cereals and tubers,Wheat flour,58,KG,actual,Retail,XAF,734.24,1.28
TCD,2026-01-15,Batha,Batha-Est,Oumhadjer,5623,13.23,19.24,cereals and tubers,Maize (white),67,KG,actual,Retail,XAF,262.24,0.46
TCD,2026-01-15,Batha,Batha-Est,Oumhadjer,5623,13.23,19.24,cereals and tubers,Rice (imported),64,KG,actual,Retail,XAF,635.24,1.1
TCD,2026-01-15,Batha,Batha-Ouest,Ati,2279,13.21,18.33,cereals and tubers,Maize (white),67,KG,actual,Retail,XAF,248.06,0.43
TCD,2026-01-15,Batha,Batha-Ouest,Ati,2279,13.21,18.33,cereals and tubers,Rice (imported),64,KG,actual,Retail,XAF,620.64,1.08
TCD,2026-01-15,Batha,Batha-Ouest,Ati,2279,13.21,18.33,cereals and tubers,Wheat flour,58,KG,actual,Retail,XAF,732.99,1.27
TCD,2026-01-15,Batha,Fitri,Yao,2722,12.85,17.56,cereals and tubers,Maize (white),67,KG,actual,Retail,XAF,238.14,0.41
TCD,2026-01-15,Batha,Fitri,Yao,2722,12.85,17.56,cereals and tubers,Rice (imported),64,KG,actual,Retail,XAF,653.82,1.14
TCD,2026-01-15,Batha,Fitri,Yao,2722,12.85,17.56,cereals and tubers,Wheat flour,58,KG,actual,Retail,XAF,762.56,1.33
TCD,2026-01-15,Borkou,Borkou,Faya,4498,17.92,19.11,cereals and tubers,Wheat flour,58,KG,actual,Retail,XAF,1056.51,1.84
TCD,2026-01-15,Chari Baguirmi,Baguirmi,Dourbali,4500,11.79,15.86,cereals and tubers,Maize (white),67,KG,actual,Retail,XAF,226.94,0.39
TCD,2026-01-15,Chari Baguirmi,Baguirmi,Dourbali,4500,11.79,15.86,cereals and tubers,Wheat flour,58,KG,actual,Retail,XAF,774.1,1.35
TCD,2026-01-15,Chari Baguirmi,Baguirmi,Massenya,2717,11.4,16.17,cereals and tubers,Maize (white),67,KG,actual,Retail,XAF,233.99,0.41
TCD,2026-01-15,Chari Baguirmi,Baguirmi,Massenya,2717,11.4,16.17,cereals and tubers,Rice (imported),64,KG,actual,Retail,XAF,528.72,0.92
TCD,2026-01-15,Chari Baguirmi,Baguirmi,Massenya,2717,11.4,16.17,cereals and tubers,Wheat flour,58,KG,actual,Retail,XAF,817.91,1.42
TCD,2026-01-15,Chari Baguirmi,Chari,Mandelia,2299,11.73,15.24,cereals and tubers,Maize (white),67,KG,actual,Retail,XAF,217.83,0.38
TCD,2026-01-15,Chari Baguirmi,Chari,Mandelia,2299,11.73,15.24,cereals and tubers,Rice (imported),64,KG,actual,Retail,XAF,530.89,0.92
TCD,2026-01-15,Chari Baguirmi,Chari,Mandelia,2299,11.73,15.24,cereals and tubers,Wheat flour,58,KG,actual,Retail,XAF,775.43,1.35
TCD,2026-01-15,Chari Baguirmi,Loug-Chari,Bousso,2287,10.48,16.71,cereals and tubers,Maize (white),67,KG,actual,Retail,XAF,224.62,0.39
TCD,2026-01-15,Chari Baguirmi,Loug-Chari,Bousso,2287,10.48,16.71,cereals and tubers,Rice (imported),64,KG,actual,Retail,XAF,660.03,1.15
TCD,2026-01-15,Chari Baguirmi,Loug-Chari,Bousso,2287,10.48,16.71,cereals and tubers,Wheat flour,58,KG,actual,Retail,XAF,838.33,1.46
TCD,2026-01-15,Ennedi Est,Amdjarass,Amdjarass,4517,16.17,22.83,cereals and tubers,Rice (imported),64,KG,actual,Retail,XAF,907.39,1.58
TCD,2026-01-15,Ennedi Est,Amdjarass,Amdjarass,4517,16.17,22.83,cereals and tubers,Wheat flour,58,KG,actual,Retail,XAF,997.66,1.73
TCD,2026-01-15,Ennedi Ouest,Fada,Fada,6104,17.18,21.58,cereals and tubers,Rice (imported),64,KG,actual,Retail,XAF,1000,1.74
TCD,2026-01-15,Ennedi Ouest,Fada,Fada,6104,17.18,21.58,cereals and tubers,Wheat flour,58,KG,actual,Retail,XAF,932.4,1.62
TCD,2026-01-15,Guera,Abtouyour,Bitkine,2719,11.98,18.21,cereals and tubers,Maize (white),67,KG,actual,Retail,XAF,232.83,0.4
TCD,2026-01-15,Guera,Abtouyour,Bitkine,2719,11.98,18.21,cereals and tubers,Rice (imported),64,KG,actual,Retail,XAF,647.63,1.13
TCD,2026-01-15,Guera,Abtouyour,Bitkine,2719,11.98,18.21,cereals and tubers,Wheat flour,58,KG,actual,Retail,XAF,698.61,1.21
TCD,2026-01-15,Guera,Barh-Signaka,Melfi,2755,11.06,17.93,cereals and tubers,Maize (white),67,KG,actual,Retail,XAF,209.55,0.36
TCD,2026-01-15,Guera,Barh-Signaka,Melfi,2755,11.06,17.93,cereals and tubers,Rice (imported),64,KG,actual,Retail,XAF,589.94,1.03
TCD,2026-01-15,Guera,Barh-Signaka,Melfi,2755,11.06,17.93,cereals and tubers,Wheat flour,58,KG,actual,Retail,XAF,677.17,1.18
TCD,2026-01-15,Guera,Guera,Mongo,231,12.18,18.69,cereals and tubers,Maize (white),67,KG,actual,Retail,XAF,245.09,0.43
TCD,2026-01-15,Guera,Guera,Mongo,231,12.18,18.69,cereals and tubers,Rice (imported),64,KG,actual,Retail,XAF,612.02,1.06
TCD,2026-01-15,Guera,Guera,Mongo,231,12.18,18.69,cereals and tubers,Wheat flour,58,KG,actual,Retail,XAF,735.88,1.28
TCD,2026-01-15,Guera,Mangalma,Mangalme,2715,12.36,19.61,cereals and tubers,Maize (white),67,KG,actual,Retail,XAF,220,0.38
TCD,2026-01-15,Guera,Mangalma,Mangalme,2715,12.36,19.61,cereals and tubers,Rice (imported),64,KG,actual,Retail,XAF,704.67,1.22
TCD,2026-01-15,Guera,Mangalma,Mangalme,2715,12.36,19.61,cereals and tubers,Wheat flour,58,KG,actual,Retail,XAF,752.47,1.31
TCD,2026-01-15,Hadjer Lamis,Dababa,Bokoro,2296,12.38,17.06,cereals and tubers,Maize (white),67,KG,actual,Retail,XAF,241.12,0.42
TCD,2026-01-15,Hadjer Lamis,Dababa,Bokoro,2296,12.38,17.06,cereals and tubers,Rice (imported),64,KG,actual,Retail,XAF,582.93,1.01
TCD,2026-01-15,Hadjer Lamis,Dababa,Bokoro,2296,12.38,17.06,cereals and tubers,Wheat flour,58,KG,actual,Retail,XAF,678.34,1.18
TCD,2026-01-15,Hadjer Lamis,Dagana,Massakory,2295,13,15.73,cereals and tubers,Maize (white),67,KG,actual,Retail,XAF,257.99,0.45
TCD,2026-01-15,Hadjer Lamis,Dagana,Massakory,2295,13,15.73,cereals and tubers,Rice (imported),64,KG,actual,Retail,XAF,619.5,1.08
TCD,2026-01-15,Hadjer Lamis,Dagana,Massakory,2295,13,15.73,cereals and tubers,Wheat flour,58,KG,actual,Retail,XAF,706.5,1.23
TCD,2026-01-15,Hadjer Lamis,Haraze-Al-Biar,Massaguet,2716,12.48,15.44,cereals and tubers,Maize (white),67,KG,actual,Retail,XAF,257.99,0.45
TCD,2026-01-15,Hadjer Lamis,Haraze-Al-Biar,Massaguet,2716,12.48,15.44,cereals and tubers,Rice (imported),64,KG,actual,Retail,XAF,629.09,1.09
TCD,2026-01-15,Hadjer Lamis,Haraze-Al-Biar,Massaguet,2716,12.48,15.44,cereals and tubers,Wheat flour,58,KG,actual,Retail,XAF,690.4,1.2
TCD,2026-01-15,Kanem,Kanem,Mao,230,14.12,15.31,cereals and tubers,Maize (white),67,KG,actual,Retail,XAF,251.7,0.44
TCD,2026-01-15,Kanem,Kanem,Mao,230,14.12,15.31,cereals and tubers,Rice (imported),64,KG,actual,Retail,XAF,637.69,1.11
TCD,2026-01-15,Kanem,Kanem,Mao,230,14.12,15.31,cereals and tubers,Wheat flour,58,KG,actual,Retail,XAF,777.36,1.35
TCD,2026-01-15,Lac,Kaya,Bagassola,4514,13.55,14.3,cereals and tubers,Maize (white),67,KG,actual,Retail,XAF,269.35,0.47
TCD,2026-01-15,Lac,Kaya,Bagassola,4514,13.55,14.3,cereals and tubers,Rice (imported),64,KG,actual,Retail,XAF,645.53,1.12
TCD,2026-01-15,Lac,Kaya,Bagassola,4514,13.55,14.3,cereals and tubers,Wheat flour,58,KG,actual,Retail,XAF,667.85,1.16
TCD,2026-01-15,Lac,Mamdi,Bol,229,13.5,14.68,cereals and tubers,Maize (white),67,KG,actual,Retail,XAF,277.92,0.48
TCD,2026-01-15,Lac,Mamdi,Bol,229,13.5,14.68,cereals and tubers,Rice (imported),64,KG,actual,Retail,XAF,637.43,1.11
TCD,2026-01-15,Lac,Mamdi,Bol,229,13.5,14.68,cereals and tubers,Wheat flour,58,KG,actual,Retail,XAF,698.22,1.21
TCD,2026-01-15,Lac,Wayi,Ngouri,2297,13.64,15.37,cereals and tubers,Maize (white),67,KG,actual,Retail,XAF,269.35,0.47
TCD,2026-01-15,Lac,Wayi,Ngouri,2297,13.64,15.37,cereals and tubers,Rice (imported),64,KG,actual,Retail,XAF,633.58,1.1
TCD,2026-01-15,Lac,Wayi,Ngouri,2297,13.64,15.37,cereals and tubers,Wheat flour,58,KG,actual,Retail,XAF,672.56,1.17
TCD,2026-01-15,Logone Occidental,Dodje,Mbaïnamar,2298,8.67,15.38,cereals and tubers,Maize (white),67,KG,actual,Retail,XAF,210.08,0.37
TCD,2026-01-15,Logone Occidental,Dodje,Mbaïnamar,2298,8.67,15.38,cereals and tubers,Rice (imported),64,KG,actual,Retail,XAF,665.68,1.16
TCD,2026-01-15,Logone Occidental,Dodje,Mbaïnamar,2298,8.67,15.38,cereals and tubers,Wheat flour,58,KG,actual,Retail,XAF,862.14,1.5
TCD,2026-01-15,Logone Occidental,Gueni,Krim Krim,2714,8.97,15.8,cereals and tubers,Maize (white),67,KG,actual,Retail,XAF,168.4,0.29
TCD,2026-01-15,Logone Occidental,Gueni,Krim Krim,2714,8.97,15.8,cereals and tubers,Wheat flour,58,KG,actual,Retail,XAF,770.87,1.34
TCD,2026-01-15,Logone Occidental,Lac Wey,Moundou,232,8.57,16.08,cereals and tubers,Maize (white),67,KG,actual,Retail,XAF,204.62,0.36
TCD,2026-01-15,Logone Occidental,Lac Wey,Moundou,232,8.57,16.08,cereals and tubers,Rice (imported),64,KG,actual,Retail,XAF,657.06,1.14
TCD,2026-01-15,Logone Occidental,Lac Wey,Moundou,232,8.57,16.08,cereals and tubers,Wheat flour,58,KG,actual,Retail,XAF,753.85,1.31
TCD,2026-01-15,Logone Occidental,Ngourkoussou,Benoye,2292,8.99,16.32,cereals and tubers,Rice (imported),64,KG,actual,Retail,XAF,655.38,1.14
TCD,2026-01-15,Logone Occidental,Ngourkoussou,Benoye,2292,8.99,16.32,cereals and tubers,Wheat flour,58,KG,actual,Retail,XAF,840.14,1.46
TCD,2026-01-15,Logone Oriental,Kouh-Est,Bodo,2710,8.29,17.14,cereals and tubers,Maize (white),67,KG,actual,Retail,XAF,168.15,0.29
TCD,2026-01-15,Logone Oriental,Kouh-Est,Bodo,2710,8.29,17.14,cereals and tubers,Wheat flour,58,KG,actual,Retail,XAF,781.36,1.36
TCD,2026-01-15,Logone Oriental,La Nya,Bebedja,2708,8.67,16.57,cereals and tubers,Maize (white),67,KG,actual,Retail,XAF,158.46,0.28
TCD,2026-01-15,Logone Oriental,La Nya,Bebedja,2708,8.67,16.57,cereals and tubers,Rice (imported),64,KG,actual,Retail,XAF,630.64,1.1
TCD,2026-01-15,Logone Oriental,La Nya,Bebedja,2708,8.67,16.57,cereals and tubers,Wheat flour,58,KG,actual,Retail,XAF,720.4,1.25
TCD,2026-01-15,Logone Oriental,La Nya Pendm,Gore,236,7.92,16.63,cereals and tubers,Maize (white),67,KG,actual,Retail,XAF,177.85,0.31
TCD,2026-01-15,Logone Oriental,La Nya Pendm,Gore,236,7.92,16.63,cereals and tubers,Rice (imported),64,KG,actual,Retail,XAF,638.5,1.11
TCD,2026-01-15,Logone Oriental,La Nya Pendm,Gore,236,7.92,16.63,cereals and tubers,Wheat flour,58,KG,actual,Retail,XAF,763.98,1.33
TCD,2026-01-15,Logone Oriental,La Pend,Doba,2293,8.67,16.86,cereals and tubers,Maize (white),67,KG,actual,Retail,XAF,165.23,0.29
TCD,2026-01-15,Logone Oriental,La Pend,Doba,2293,8.67,16.86,cereals and tubers,Rice (imported),64,KG,actual,Retail,XAF,620.35,1.08
TCD,2026-01-15,Logone Oriental,La Pend,Doba,2293,8.67,16.86,cereals and tubers,Wheat flour,58,KG,actual,Retail,XAF,770.74,1.34
TCD,2026-01-15,Logone Oriental,Monts de Lam,Mbaïbokoum,2303,7.74,15.69,cereals and tubers,Maize (white),67,KG,actual,Retail,XAF,177.85,0.31
TCD,2026-01-15,Logone Oriental,Monts de Lam,Mbaïbokoum,2303,7.74,15.69,cereals and tubers,Rice (imported),64,KG,actual,Retail,XAF,648.82,1.13
TCD,2026-01-15,Logone Oriental,Monts de Lam,Mbaïbokoum,2303,7.74,15.69,cereals and tubers,Wheat flour,58,KG,actual,Retail,XAF,772.76,1.34
TCD,2026-01-15,Mandoul,Barh-Sara,Moissala,2283,8.34,17.76,cereals and tubers,Maize (white),67,KG,actual,Retail,XAF,177.85,0.31
TCD,2026-01-15,Mandoul,Barh-Sara,Moissala,2283,8.34,17.76,cereals and tubers,Rice (imported),64,KG,actual,Retail,XAF,641.38,1.11
TCD,2026-01-15,Mandoul,Barh-Sara,Moissala,2283,8.34,17.76,cereals and tubers,Wheat flour,58,KG,actual,Retail,XAF,825.98,1.44
TCD,2026-01-15,Mandoul,Mandoul Occidental,Bedjondo,4509,8.61,17.19,cereals and tubers,Maize (white),67,KG,actual,Retail,XAF,191.61,0.33
TCD,2026-01-15,Mandoul,Mandoul Occidental,Bedjondo,4509,8.61,17.19,cereals and tubers,Rice (imported),64,KG,actual,Retail,XAF,644.06,1.12
TCD,2026-01-15,Mandoul,Mandoul Occidental,Bedjondo,4509,8.61,17.19,cereals and tubers,Wheat flour,58,KG,actual,Retail,XAF,789.38,1.37
TCD,2026-01-15,Mandoul,Mandoul Occidental,Peni,2284,8.8,17.3,cereals and tubers,Maize (white),67,KG,actual,Retail,XAF,187.54,0.33
TCD,2026-01-15,Mandoul,Mandoul Occidental,Peni,2284,8.8,17.3,cereals and tubers,Rice (imported),64,KG,actual,Retail,XAF,639.84,1.11
TCD,2026-01-15,Mandoul,Mandoul Occidental,Peni,2284,8.8,17.3,cereals and tubers,Wheat flour,58,KG,actual,Retail,XAF,785.2,1.36
TCD,2026-01-15,Mandoul,Mandoul Oriental,Koumra,2282,8.92,17.55,cereals and tubers,Maize (white),67,KG,actual,Retail,XAF,216.62,0.38
TCD,2026-01-15,Mandoul,Mandoul Oriental,Koumra,2282,8.92,17.55,cereals and tubers,Rice (imported),64,KG,actual,Retail,XAF,659.13,1.15
TCD,2026-01-15,Mayo Kebbi Est,Kabia,Pont Karol,4473,9.59,15.49,cereals and tubers,Maize (white),67,KG,actual,Retail,XAF,199.91,0.35
TCD,2026-01-15,Mayo Kebbi Est,Kabia,Pont Karol,4473,9.59,15.49,cereals and tubers,Rice (imported),64,KG,actual,Retail,XAF,605.78,1.05
TCD,2026-01-15,Mayo Kebbi Est,Kabia,Pont Karol,4473,9.59,15.49,cereals and tubers,Wheat flour,58,KG,actual,Retail,XAF,803.67,1.4
TCD,2026-01-15,Mayo Kebbi Est,Mayo Boneye,Bongor,1964,10.28,15.39,cereals and tubers,Maize (white),67,KG,actual,Retail,XAF,214.31,0.37
TCD,2026-01-15,Mayo Kebbi Est,Mayo Boneye,Bongor,1964,10.28,15.39,cereals and tubers,Rice (imported),64,KG,actual,Retail,XAF,645.79,1.12
TCD,2026-01-15,Mayo Kebbi Est,Mayo Boneye,Bongor,1964,10.28,15.39,cereals and tubers,Wheat flour,58,KG,actual,Retail,XAF,864.82,1.5
TCD,2026-01-15,Mayo Kebbi Est,Mont Illi,Fianga,2711,9.92,15.12,cereals and tubers,Maize (white),67,KG,actual,Retail,XAF,202.92,0.35
TCD,2026-01-15,Mayo Kebbi Est,Mont Illi,Fianga,2711,9.92,15.12,cereals and tubers,Rice (imported),64,KG,actual,Retail,XAF,615.89,1.07
TCD,2026-01-15,Mayo Kebbi Est,Mont Illi,Fianga,2711,9.92,15.12,cereals and tubers,Wheat flour,58,KG,actual,Retail,XAF,841.53,1.46
TCD,2026-01-15,Mayo Kebbi Ouest,Lac-LBrn,Lere,2721,9.66,14.22,cereals and tubers,Maize (white),67,KG,actual,Retail,XAF,162.08,0.28
TCD,2026-01-15,Mayo Kebbi Ouest,Lac-LBrn,Lere,2721,9.66,14.22,cereals and tubers,Rice (imported),64,KG,actual,Retail,XAF,657.97,1.14
TCD,2026-01-15,Mayo Kebbi Ouest,Lac-LBrn,Lere,2721,9.66,14.22,cereals and tubers,Wheat flour,58,KG,actual,Retail,XAF,803.56,1.4
TCD,2026-01-15,Mayo Kebbi Ouest,Mayo Binder,Binder,8408,9.96,14.47,cereals and tubers,Maize (white),67,KG,actual,Retail,XAF,166.44,0.29
TCD,2026-01-15,Mayo Kebbi Ouest,Mayo Binder,Binder,8408,9.96,14.47,cereals and tubers,Rice (imported),64,KG,actual,Retail,XAF,681.96,1.19
TCD,2026-01-15,Mayo Kebbi Ouest,Mayo Binder,Binder,8408,9.96,14.47,cereals and tubers,Wheat flour,58,KG,actual,Retail,XAF,768.28,1.34
TCD,2026-01-15,Mayo Kebbi Ouest,Mayo-Dallah,Pala,2288,9.37,14.91,cereals and tubers,Maize (white),67,KG,actual,Retail,XAF,147.52,0.26
TCD,2026-01-15,Mayo Kebbi Ouest,Mayo-Dallah,Pala,2288,9.37,14.91,cereals and tubers,Rice (imported),64,KG,actual,Retail,XAF,613.48,1.07
TCD,2026-01-15,Mayo Kebbi Ouest,Mayo-Dallah,Pala,2288,9.37,14.91,cereals and tubers,Wheat flour,58,KG,actual,Retail,XAF,824.97,1.43
TCD,2026-01-15,Moyen Chari,Barh-K h,Sarh,235,9.14,18.39,cereals and tubers,Maize (white),67,KG,actual,Retail,XAF,229.46,0.4
TCD,2026-01-15,Moyen Chari,Barh-K h,Sarh,235,9.14,18.39,cereals and tubers,Rice (imported),64,KG,actual,Retail,XAF,668.08,1.16
TCD,2026-01-15,Moyen Chari,Barh-K h,Sarh,235,9.14,18.39,cereals and tubers,Wheat flour,58,KG,actual,Retail,XAF,673.37,1.17
TCD,2026-01-15,Moyen Chari,Grande Sido,Danamadji,5618,8.75,18.55,cereals and tubers,Maize (white),67,KG,actual,Retail,XAF,214.92,0.37
TCD,2026-01-15,Moyen Chari,Grande Sido,Danamadji,5618,8.75,18.55,cereals and tubers,Rice (imported),64,KG,actual,Retail,XAF,641.6,1.12
TCD,2026-01-15,Moyen Chari,Grande Sido,Danamadji,5618,8.75,18.55,cereals and tubers,Wheat flour,58,KG,actual,Retail,XAF,667.62,1.16
TCD,2026-01-15,Moyen Chari,Grande Sido,Maro,2285,8.42,18.77,cereals and tubers,Maize (white),67,KG,actual,Retail,XAF,192.63,0.33
TCD,2026-01-15,Moyen Chari,Grande Sido,Maro,2285,8.42,18.77,cereals and tubers,Rice (imported),64,KG,actual,Retail,XAF,646.93,1.12
TCD,2026-01-15,Moyen Chari,Grande Sido,Sido,4471,8.25,18.71,cereals and tubers,Rice (imported),64,KG,actual,Retail,XAF,661.51,1.15
TCD,2026-01-15,Moyen Chari,Grande Sido,Sido,4471,8.25,18.71,cereals and tubers,Wheat flour,58,KG,actual,Retail,XAF,649.2,1.13
TCD,2026-01-15,Moyen Chari,Lac Iro,Kyabe,2281,9.45,18.94,cereals and tubers,Maize (white),67,KG,actual,Retail,XAF,205.23,0.36
TCD,2026-01-15,Moyen Chari,Lac Iro,Kyabe,2281,9.45,18.94,cereals and tubers,Rice (imported),64,KG,actual,Retail,XAF,667.59,1.16
TCD,2026-01-15,Ndjaména,Ndjamena,Dembe,11368,12.1,15.08,cereals and tubers,Maize (white),67,KG,actual,Retail,XAF,292.46,0.51
TCD,2026-01-15,Ndjaména,Ndjamena,Dembe,11368,12.1,15.08,cereals and tubers,Rice (imported),64,KG,actual,Retail,XAF,585.5,1.02
TCD,2026-01-15,Ndjaména,Ndjamena,Dembe,11368,12.1,15.08,cereals and tubers,Wheat flour,58,KG,actual,Retail,XAF,699.35,1.22
TCD,2026-01-15,Ndjaména,Ndjamena,N'djamena (Atrone),4515,12.09,15.13,cereals and tubers,Maize (white),67,KG,actual,Retail,XAF,284.95,0.5
TCD,2026-01-15,Ndjaména,Ndjamena,N'djamena (Atrone),4515,12.09,15.13,cereals and tubers,Rice (imported),64,KG,actual,Retail,XAF,591.38,1.03
TCD,2026-01-15,Ndjaména,Ndjamena,N'djamena (Atrone),4515,12.09,15.13,cereals and tubers,Wheat flour,58,KG,actual,Retail,XAF,692.28,1.2
TCD,2026-01-15,Ndjaména,Ndjamena,Ndjamena (Marche A Mil),4480,12.11,15.06,cereals and tubers,Maize (white),67,KG,actual,Retail,XAF,292.46,0.51
TCD,2026-01-15,Ndjaména,Ndjamena,Ndjamena (Marche A Mil),4480,12.11,15.06,cereals and tubers,Rice (imported),64,KG,actual,Retail,XAF,575.14,1
TCD,2026-01-15,Ndjaména,Ndjamena,Ndjamena (Marche A Mil),4480,12.11,15.06,cereals and tubers,Wheat flour,58,KG,actual,Retail,XAF,714.06,1.24
TCD,2026-01-15,Ouaddai,Assongha,Adre,4519,13.46,22.19,cereals and tubers,Rice (imported),64,KG,actual,Retail,XAF,892.27,1.55
TCD,2026-01-15,Ouaddai,Assongha,Adre,4519,13.46,22.19,cereals and tubers,Wheat flour,58,KG,actual,Retail,XAF,790.51,1.37
TCD,2026-01-15,Ouaddai,Ouara,Abeche,228,13.82,20.82,cereals and tubers,Maize (white),67,KG,actual,Retail,XAF,299.13,0.52
TCD,2026-01-15,Ouaddai,Ouara,Abeche,228,13.82,20.82,cereals and tubers,Rice (imported),64,KG,actual,Retail,XAF,881.41,1.53
TCD,2026-01-15,Ouaddai,Ouara,Abeche,228,13.82,20.82,cereals and tubers,Wheat flour,58,KG,actual,Retail,XAF,695.65,1.21
TCD,2026-01-15,Salamat,Aboudeia,Aboudeia,2286,11.45,19.28,cereals and tubers,Maize (white),67,KG,actual,Retail,XAF,227.93,0.4
TCD,2026-01-15,Salamat,Aboudeia,Aboudeia,2286,11.45,19.28,cereals and tubers,Rice (imported),64,KG,actual,Retail,XAF,685.19,1.19
TCD,2026-01-15,Salamat,Barh-Azoum,Am Timan,1962,11.04,20.28,cereals and tubers,Maize (white),67,KG,actual,Retail,XAF,140,0.24
TCD,2026-01-15,Salamat,Barh-Azoum,Am Timan,1962,11.04,20.28,cereals and tubers,Rice (imported),64,KG,actual,Retail,XAF,749.83,1.3
TCD,2026-01-15,Salamat,Barh-Azoum,Am Timan,1962,11.04,20.28,cereals and tubers,Wheat flour,58,KG,actual,Retail,XAF,785.11,1.36
TCD,2026-01-15,Sila,Kimiti,Goz Beida,2290,12.23,21.41,cereals and tubers,Rice (imported),64,KG,actual,Retail,XAF,838.68,1.46
TCD,2026-01-15,Sila,Kimiti,Goz Beida,2290,12.23,21.41,cereals and tubers,Wheat flour,58,KG,actual,Retail,XAF,728.8,1.27
TCD,2026-01-15,Tandjile,Tandjile-Centre,Bere,4508,9.31,16.15,cereals and tubers,Maize (white),67,KG,actual,Retail,XAF,204.99,0.36
TCD,2026-01-15,Tandjile,Tandjile-Centre,Bere,4508,9.31,16.15,cereals and tubers,Wheat flour,58,KG,actual,Retail,XAF,900,1.56
TCD,2026-01-15,Tandjile,Tandjile-Est,Laï,2289,9.4,16.31,cereals and tubers,Rice (imported),64,KG,actual,Retail,XAF,616.15,1.07
TCD,2026-01-15,Tandjile,Tandjile-Est,Laï,2289,9.4,16.31,cereals and tubers,Wheat flour,58,KG,actual,Retail,XAF,846.83,1.47
TCD,2026-01-15,Tandjile,Tandjile-Ouest,Kélo,1963,9.31,15.8,cereals and tubers,Rice (imported),64,KG,actual,Retail,XAF,637.12,1.11
TCD,2026-01-15,Wadi Fira,Biltine,Biltine,2294,14.54,20.91,cereals and tubers,Wheat flour,58,KG,actual,Retail,XAF,704.41,1.22
TCD,2026-01-15,Wadi Fira,Dar-Tama,Guereda,2713,14.52,22.09,cereals and tubers,Rice (imported),64,KG,actual,Retail,XAF,867.62,1.51
TCD,2026-01-15,Wadi Fira,Dar-Tama,Guereda,2713,14.52,22.09,cereals and tubers,Wheat flour,58,KG,actual,Retail,XAF,709.11,1.23
TCD,2026-01-15,Wadi Fira,Iriba,Iriba,2300,15.13,22.25,cereals and tubers,Rice (imported),64,KG,actual,Retail,XAF,900.05,1.56
TCD,2026-01-15,Wadi Fira,Iriba,Iriba,2300,15.13,22.25,cereals and tubers,Wheat flour,58,KG,actual,Retail,XAF,715.88,1.24
TCD,2026-02-15,Barh El Gazal,Barh El Gazel Sud,Moussoro,233,13.64,16.49,cereals and tubers,Rice (imported),64,KG,actual,Retail,XAF,652.35,1.18
TCD,2026-02-15,Barh El Gazal,Barh El Gazel Sud,Moussoro,233,13.64,16.49,cereals and tubers,Wheat flour,58,KG,actual,Retail,XAF,723.76,1.31
TCD,2026-02-15,Batha,Batha-Est,Oumhadjer,5623,13.23,19.24,cereals and tubers,Maize (white),67,KG,actual,Retail,XAF,256.82,0.46
TCD,2026-02-15,Batha,Batha-Est,Oumhadjer,5623,13.23,19.24,cereals and tubers,Rice (imported),64,KG,actual,Retail,XAF,666,1.21
TCD,2026-02-15,Batha,Batha-Est,Oumhadjer,5623,13.23,19.24,cereals and tubers,Wheat flour,58,KG,actual,Retail,XAF,790.14,1.43
TCD,2026-02-15,Batha,Batha-Ouest,Ati,2279,13.21,18.33,cereals and tubers,Maize (white),67,KG,actual,Retail,XAF,248.66,0.45
TCD,2026-02-15,Batha,Batha-Ouest,Ati,2279,13.21,18.33,cereals and tubers,Rice (imported),64,KG,actual,Retail,XAF,647.04,1.17
TCD,2026-02-15,Batha,Fitri,Yao,2722,12.85,17.56,cereals and tubers,Rice (imported),64,KG,actual,Retail,XAF,681.59,1.23
TCD,2026-02-15,Batha,Fitri,Yao,2722,12.85,17.56,cereals and tubers,Wheat flour,58,KG,actual,Retail,XAF,777.86,1.41
TCD,2026-02-15,Borkou,Borkou,Faya,4498,17.92,19.11,cereals and tubers,Rice (imported),64,KG,actual,Retail,XAF,1080.8,1.96
TCD,2026-02-15,Borkou,Borkou,Faya,4498,17.92,19.11,cereals and tubers,Wheat flour,58,KG,actual,Retail,XAF,1045.43,1.89
TCD,2026-02-15,Chari Baguirmi,Baguirmi,Dourbali,4500,11.79,15.86,cereals and tubers,Maize (white),67,KG,actual,Retail,XAF,205.88,0.37
TCD,2026-02-15,Chari Baguirmi,Baguirmi,Dourbali,4500,11.79,15.86,cereals and tubers,Rice (imported),64,KG,actual,Retail,XAF,534.39,0.97
TCD,2026-02-15,Chari Baguirmi,Baguirmi,Dourbali,4500,11.79,15.86,cereals and tubers,Wheat flour,58,KG,actual,Retail,XAF,798.65,1.45
TCD,2026-02-15,Chari Baguirmi,Baguirmi,Massenya,2717,11.4,16.17,cereals and tubers,Maize (white),67,KG,actual,Retail,XAF,197.9,0.36
TCD,2026-02-15,Chari Baguirmi,Baguirmi,Massenya,2717,11.4,16.17,cereals and tubers,Rice (imported),64,KG,actual,Retail,XAF,520.6,0.94
TCD,2026-02-15,Chari Baguirmi,Baguirmi,Massenya,2717,11.4,16.17,cereals and tubers,Wheat flour,58,KG,actual,Retail,XAF,834.36,1.51
TCD,2026-02-15,Chari Baguirmi,Chari,Mandelia,2299,11.73,15.24,cereals and tubers,Maize (white),67,KG,actual,Retail,XAF,199.88,0.36
TCD,2026-02-15,Chari Baguirmi,Chari,Mandelia,2299,11.73,15.24,cereals and tubers,Rice (imported),64,KG,actual,Retail,XAF,523.06,0.95
TCD,2026-02-15,Chari Baguirmi,Chari,Mandelia,2299,11.73,15.24,cereals and tubers,Wheat flour,58,KG,actual,Retail,XAF,796.55,1.44
TCD,2026-02-15,Chari Baguirmi,Loug-Chari,Bousso,2287,10.48,16.71,cereals and tubers,Maize (white),67,KG,actual,Retail,XAF,253.44,0.46
TCD,2026-02-15,Chari Baguirmi,Loug-Chari,Bousso,2287,10.48,16.71,cereals and tubers,Rice (imported),64,KG,actual,Retail,XAF,653.43,1.18
TCD,2026-02-15,Chari Baguirmi,Loug-Chari,Bousso,2287,10.48,16.71,cereals and tubers,Wheat flour,58,KG,actual,Retail,XAF,850.8,1.54
TCD,2026-02-15,Ennedi Est,Amdjarass,Amdjarass,4517,16.17,22.83,cereals and tubers,Wheat flour,58,KG,actual,Retail,XAF,998.48,1.81
TCD,2026-02-15,Ennedi Ouest,Fada,Fada,6104,17.18,21.58,cereals and tubers,Rice (imported),64,KG,actual,Retail,XAF,971.94,1.76
TCD,2026-02-15,Ennedi Ouest,Fada,Fada,6104,17.18,21.58,cereals and tubers,Wheat flour,58,KG,actual,Retail,XAF,952.82,1.72
TCD,2026-02-15,Guera,Abtouyour,Bitkine,2719,11.98,18.21,cereals and tubers,Maize (white),67,KG,actual,Retail,XAF,281.05,0.51
TCD,2026-02-15,Guera,Abtouyour,Bitkine,2719,11.98,18.21,cereals and tubers,Rice (imported),64,KG,actual,Retail,XAF,675.36,1.22
TCD,2026-02-15,Guera,Abtouyour,Bitkine,2719,11.98,18.21,cereals and tubers,Wheat flour,58,KG,actual,Retail,XAF,691.03,1.25
TCD,2026-02-15,Guera,Barh-Signaka,Melfi,2755,11.06,17.93,cereals and tubers,Rice (imported),64,KG,actual,Retail,XAF,623.16,1.13
TCD,2026-02-15,Guera,Barh-Signaka,Melfi,2755,11.06,17.93,cereals and tubers,Wheat flour,58,KG,actual,Retail,XAF,685.58,1.24
TCD,2026-02-15,Guera,Guera,Mongo,231,12.18,18.69,cereals and tubers,Maize (white),67,KG,actual,Retail,XAF,297.06,0.54
TCD,2026-02-15,Guera,Guera,Mongo,231,12.18,18.69,cereals and tubers,Rice (imported),64,KG,actual,Retail,XAF,640.55,1.16
TCD,2026-02-15,Guera,Guera,Mongo,231,12.18,18.69,cereals and tubers,Wheat flour,58,KG,actual,Retail,XAF,728.4,1.32
TCD,2026-02-15,Guera,Mangalma,Mangalme,2715,12.36,19.61,cereals and tubers,Maize (white),67,KG,actual,Retail,XAF,288.91,0.52
TCD,2026-02-15,Guera,Mangalma,Mangalme,2715,12.36,19.61,cereals and tubers,Wheat flour,58,KG,actual,Retail,XAF,740.73,1.34
TCD,2026-02-15,Hadjer Lamis,Dababa,Bokoro,2296,12.38,17.06,cereals and tubers,Maize (white),67,KG,actual,Retail,XAF,264.85,0.48
TCD,2026-02-15,Hadjer Lamis,Dababa,Bokoro,2296,12.38,17.06,cereals and tubers,Rice (imported),64,KG,actual,Retail,XAF,617.89,1.12
TCD,2026-02-15,Hadjer Lamis,Dababa,Bokoro,2296,12.38,17.06,cereals and tubers,Wheat flour,58,KG,actual,Retail,XAF,685.5,1.24
TCD,2026-02-15,Hadjer Lamis,Dagana,Massakory,2295,13,15.73,cereals and tubers,Maize (white),67,KG,actual,Retail,XAF,277.31,0.5
TCD,2026-02-15,Hadjer Lamis,Dagana,Massakory,2295,13,15.73,cereals and tubers,Rice (imported),64,KG,actual,Retail,XAF,652.63,1.18
TCD,2026-02-15,Hadjer Lamis,Dagana,Massakory,2295,13,15.73,cereals and tubers,Wheat flour,58,KG,actual,Retail,XAF,703.74,1.27
TCD,2026-02-15,Hadjer Lamis,Haraze-Al-Biar,Massaguet,2716,12.48,15.44,cereals and tubers,Maize (white),67,KG,actual,Retail,XAF,262.1,0.47
TCD,2026-02-15,Hadjer Lamis,Haraze-Al-Biar,Massaguet,2716,12.48,15.44,cereals and tubers,Wheat flour,58,KG,actual,Retail,XAF,690.08,1.25
TCD,2026-02-15,Kanem,Kanem,Mao,230,14.12,15.31,cereals and tubers,Maize (white),67,KG,actual,Retail,XAF,266.72,0.48
TCD,2026-02-15,Kanem,Kanem,Mao,230,14.12,15.31,cereals and tubers,Rice (imported),64,KG,actual,Retail,XAF,678.71,1.23
TCD,2026-02-15,Kanem,Kanem,Mao,230,14.12,15.31,cereals and tubers,Wheat flour,58,KG,actual,Retail,XAF,767.35,1.39
TCD,2026-02-15,Lac,Kaya,Bagassola,4514,13.55,14.3,cereals and tubers,Maize (white),67,KG,actual,Retail,XAF,320,0.58
TCD,2026-02-15,Lac,Kaya,Bagassola,4514,13.55,14.3,cereals and tubers,Wheat flour,58,KG,actual,Retail,XAF,673.45,1.22
TCD,2026-02-15,Lac,Mamdi,Bol,229,13.5,14.68,cereals and tubers,Maize (white),67,KG,actual,Retail,XAF,229.48,0.42
TCD,2026-02-15,Lac,Mamdi,Bol,229,13.5,14.68,cereals and tubers,Rice (imported),64,KG,actual,Retail,XAF,616.02,1.11
TCD,2026-02-15,Lac,Mamdi,Bol,229,13.5,14.68,cereals and tubers,Wheat flour,58,KG,actual,Retail,XAF,702.05,1.27
TCD,2026-02-15,Lac,Wayi,Ngouri,2297,13.64,15.37,cereals and tubers,Maize (white),67,KG,actual,Retail,XAF,220.3,0.4
TCD,2026-02-15,Lac,Wayi,Ngouri,2297,13.64,15.37,cereals and tubers,Rice (imported),64,KG,actual,Retail,XAF,611.52,1.11
TCD,2026-02-15,Lac,Wayi,Ngouri,2297,13.64,15.37,cereals and tubers,Wheat flour,58,KG,actual,Retail,XAF,678.96,1.23
TCD,2026-02-15,Logone Occidental,Dodje,Mbaïnamar,2298,8.67,15.38,cereals and tubers,Maize (white),67,KG,actual,Retail,XAF,211.44,0.38
TCD,2026-02-15,Logone Occidental,Dodje,Mbaïnamar,2298,8.67,15.38,cereals and tubers,Rice (imported),64,KG,actual,Retail,XAF,654.9,1.19
TCD,2026-02-15,Logone Occidental,Dodje,Mbaïnamar,2298,8.67,15.38,cereals and tubers,Wheat flour,58,KG,actual,Retail,XAF,843.93,1.53
TCD,2026-02-15,Logone Occidental,Gueni,Krim Krim,2714,8.97,15.8,cereals and tubers,Maize (white),67,KG,actual,Retail,XAF,185.16,0.34
TCD,2026-02-15,Logone Occidental,Gueni,Krim Krim,2714,8.97,15.8,cereals and tubers,Rice (imported),64,KG,actual,Retail,XAF,586.91,1.06
TCD,2026-02-15,Logone Occidental,Gueni,Krim Krim,2714,8.97,15.8,cereals and tubers,Wheat flour,58,KG,actual,Retail,XAF,752.5,1.36
TCD,2026-02-15,Logone Occidental,Lac Wey,Moundou,232,8.57,16.08,cereals and tubers,Maize (white),67,KG,actual,Retail,XAF,212.82,0.39
TCD,2026-02-15,Logone Occidental,Lac Wey,Moundou,232,8.57,16.08,cereals and tubers,Rice (imported),64,KG,actual,Retail,XAF,648.49,1.17
TCD,2026-02-15,Logone Occidental,Lac Wey,Moundou,232,8.57,16.08,cereals and tubers,Wheat flour,58,KG,actual,Retail,XAF,749.15,1.36
TCD,2026-02-15,Logone Occidental,Ngourkoussou,Benoye,2292,8.99,16.32,cereals and tubers,Maize (white),67,KG,actual,Retail,XAF,213.08,0.39
TCD,2026-02-15,Logone Occidental,Ngourkoussou,Benoye,2292,8.99,16.32,cereals and tubers,Rice (imported),64,KG,actual,Retail,XAF,644.57,1.17
TCD,2026-02-15,Logone Occidental,Ngourkoussou,Benoye,2292,8.99,16.32,cereals and tubers,Wheat flour,58,KG,actual,Retail,XAF,820.7,1.49
TCD,2026-02-15,Logone Oriental,Kouh-Est,Bodo,2710,8.29,17.14,cereals and tubers,Maize (white),67,KG,actual,Retail,XAF,191.32,0.35
TCD,2026-02-15,Logone Oriental,Kouh-Est,Bodo,2710,8.29,17.14,cereals and tubers,Rice (imported),64,KG,actual,Retail,XAF,600.92,1.09
TCD,2026-02-15,Logone Oriental,Kouh-Est,Bodo,2710,8.29,17.14,cereals and tubers,Wheat flour,58,KG,actual,Retail,XAF,777.38,1.41
TCD,2026-02-15,Logone Oriental,La Nya,Bebedja,2708,8.67,16.57,cereals and tubers,Rice (imported),64,KG,actual,Retail,XAF,613.48,1.11
TCD,2026-02-15,Logone Oriental,La Nya,Bebedja,2708,8.67,16.57,cereals and tubers,Wheat flour,58,KG,actual,Retail,XAF,712.46,1.29
TCD,2026-02-15,Logone Oriental,La Nya Pendm,Gore,236,7.92,16.63,cereals and tubers,Maize (white),67,KG,actual,Retail,XAF,212.94,0.39
TCD,2026-02-15,Logone Oriental,La Nya Pendm,Gore,236,7.92,16.63,cereals and tubers,Rice (imported),64,KG,actual,Retail,XAF,630.93,1.14
TCD,2026-02-15,Logone Oriental,La Nya Pendm,Gore,236,7.92,16.63,cereals and tubers,Wheat flour,58,KG,actual,Retail,XAF,752.8,1.36
TCD,2026-02-15,Logone Oriental,La Pend,Doba,2293,8.67,16.86,cereals and tubers,Maize (white),67,KG,actual,Retail,XAF,210.1,0.38
TCD,2026-02-15,Logone Oriental,La Pend,Doba,2293,8.67,16.86,cereals and tubers,Rice (imported),64,KG,actual,Retail,XAF,610.53,1.1
TCD,2026-02-15,Logone Oriental,La Pend,Doba,2293,8.67,16.86,cereals and tubers,Wheat flour,58,KG,actual,Retail,XAF,764.2,1.38
TCD,2026-02-15,Logone Oriental,Monts de Lam,Mbaïbokoum,2303,7.74,15.69,cereals and tubers,Maize (white),67,KG,actual,Retail,XAF,197.31,0.36
TCD,2026-02-15,Logone Oriental,Monts de Lam,Mbaïbokoum,2303,7.74,15.69,cereals and tubers,Rice (imported),64,KG,actual,Retail,XAF,633.76,1.15
TCD,2026-02-15,Logone Oriental,Monts de Lam,Mbaïbokoum,2303,7.74,15.69,cereals and tubers,Wheat flour,58,KG,actual,Retail,XAF,756.89,1.37
TCD,2026-02-15,Mandoul,Barh-Sara,Moissala,2283,8.34,17.76,cereals and tubers,Maize (white),67,KG,actual,Retail,XAF,185.92,0.34
TCD,2026-02-15,Mandoul,Barh-Sara,Moissala,2283,8.34,17.76,cereals and tubers,Rice (imported),64,KG,actual,Retail,XAF,642.36,1.16
TCD,2026-02-15,Mandoul,Mandoul Occidental,Bedjondo,4509,8.61,17.19,cereals and tubers,Maize (white),67,KG,actual,Retail,XAF,180.41,0.33
TCD,2026-02-15,Mandoul,Mandoul Occidental,Bedjondo,4509,8.61,17.19,cereals and tubers,Wheat flour,58,KG,actual,Retail,XAF,776.03,1.4
TCD,2026-02-15,Mandoul,Mandoul Occidental,Peni,2284,8.8,17.3,cereals and tubers,Maize (white),67,KG,actual,Retail,XAF,172.77,0.31
TCD,2026-02-15,Mandoul,Mandoul Occidental,Peni,2284,8.8,17.3,cereals and tubers,Rice (imported),64,KG,actual,Retail,XAF,637.49,1.15
TCD,2026-02-15,Mandoul,Mandoul Occidental,Peni,2284,8.8,17.3,cereals and tubers,Wheat flour,58,KG,actual,Retail,XAF,775.06,1.4
TCD,2026-02-15,Mandoul,Mandoul Oriental,Koumra,2282,8.92,17.55,cereals and tubers,Maize (white),67,KG,actual,Retail,XAF,193.64,0.35
TCD,2026-02-15,Mandoul,Mandoul Oriental,Koumra,2282,8.92,17.55,cereals and tubers,Rice (imported),64,KG,actual,Retail,XAF,658.04,1.19
TCD,2026-02-15,Mandoul,Mandoul Oriental,Koumra,2282,8.92,17.55,cereals and tubers,Wheat flour,58,KG,actual,Retail,XAF,806.67,1.46
TCD,2026-02-15,Mayo Kebbi Est,Kabia,Pont Karol,4473,9.59,15.49,cereals and tubers,Rice (imported),64,KG,actual,Retail,XAF,590.02,1.07
TCD,2026-02-15,Mayo Kebbi Est,Kabia,Pont Karol,4473,9.59,15.49,cereals and tubers,Wheat flour,58,KG,actual,Retail,XAF,802.99,1.45
TCD,2026-02-15,Mayo Kebbi Est,Mayo Boneye,Bongor,1964,10.28,15.39,cereals and tubers,Maize (white),67,KG,actual,Retail,XAF,187.49,0.34
TCD,2026-02-15,Mayo Kebbi Est,Mayo Boneye,Bongor,1964,10.28,15.39,cereals and tubers,Rice (imported),64,KG,actual,Retail,XAF,622.24,1.13
TCD,2026-02-15,Mayo Kebbi Est,Mayo Boneye,Bongor,1964,10.28,15.39,cereals and tubers,Wheat flour,58,KG,actual,Retail,XAF,864.79,1.57
TCD,2026-02-15,Mayo Kebbi Est,Mayo-Lemi,Gueledeng,2712,10.92,15.54,cereals and tubers,Rice (imported),64,KG,actual,Retail,XAF,567.76,1.03
TCD,2026-02-15,Mayo Kebbi Est,Mont Illi,Fianga,2711,9.92,15.12,cereals and tubers,Maize (white),67,KG,actual,Retail,XAF,187.28,0.34
TCD,2026-02-15,Mayo Kebbi Est,Mont Illi,Fianga,2711,9.92,15.12,cereals and tubers,Wheat flour,58,KG,actual,Retail,XAF,845.08,1.53
TCD,2026-02-15,Mayo Kebbi Ouest,Lac-LBrn,Lere,2721,9.66,14.22,cereals and tubers,Maize (white),67,KG,actual,Retail,XAF,171.12,0.31
TCD,2026-02-15,Mayo Kebbi Ouest,Lac-LBrn,Lere,2721,9.66,14.22,cereals and tubers,Rice (imported),64,KG,actual,Retail,XAF,638.76,1.16
TCD,2026-02-15,Mayo Kebbi Ouest,Lac-LBrn,Lere,2721,9.66,14.22,cereals and tubers,Wheat flour,58,KG,actual,Retail,XAF,791.91,1.43
TCD,2026-02-15,Mayo Kebbi Ouest,Mayo Binder,Binder,8408,9.96,14.47,cereals and tubers,Maize (white),67,KG,actual,Retail,XAF,172.29,0.31
TCD,2026-02-15,Mayo Kebbi Ouest,Mayo Binder,Binder,8408,9.96,14.47,cereals and tubers,Rice (imported),64,KG,actual,Retail,XAF,664.45,1.2
TCD,2026-02-15,Mayo Kebbi Ouest,Mayo Binder,Binder,8408,9.96,14.47,cereals and tubers,Wheat flour,58,KG,actual,Retail,XAF,757.73,1.37
TCD,2026-02-15,Mayo Kebbi Ouest,Mayo-Dallah,Pala,2288,9.37,14.91,cereals and tubers,Maize (white),67,KG,actual,Retail,XAF,157.04,0.28
TCD,2026-02-15,Mayo Kebbi Ouest,Mayo-Dallah,Pala,2288,9.37,14.91,cereals and tubers,Rice (imported),64,KG,actual,Retail,XAF,605.57,1.1
TCD,2026-02-15,Mayo Kebbi Ouest,Mayo-Dallah,Pala,2288,9.37,14.91,cereals and tubers,Wheat flour,58,KG,actual,Retail,XAF,826.92,1.5
TCD,2026-02-15,Moyen Chari,Barh-K h,Sarh,235,9.14,18.39,cereals and tubers,Maize (white),67,KG,actual,Retail,XAF,200.9,0.36
TCD,2026-02-15,Moyen Chari,Barh-K h,Sarh,235,9.14,18.39,cereals and tubers,Rice (imported),64,KG,actual,Retail,XAF,656.7,1.19
TCD,2026-02-15,Moyen Chari,Barh-K h,Sarh,235,9.14,18.39,cereals and tubers,Wheat flour,58,KG,actual,Retail,XAF,676.53,1.22
TCD,2026-02-15,Moyen Chari,Grande Sido,Danamadji,5618,8.75,18.55,cereals and tubers,Maize (white),67,KG,actual,Retail,XAF,170.59,0.31
TCD,2026-02-15,Moyen Chari,Grande Sido,Danamadji,5618,8.75,18.55,cereals and tubers,Rice (imported),64,KG,actual,Retail,XAF,629.52,1.14
TCD,2026-02-15,Moyen Chari,Grande Sido,Danamadji,5618,8.75,18.55,cereals and tubers,Wheat flour,58,KG,actual,Retail,XAF,669.33,1.21
TCD,2026-02-15,Moyen Chari,Grande Sido,Maro,2285,8.42,18.77,cereals and tubers,Maize (white),67,KG,actual,Retail,XAF,159.17,0.29
TCD,2026-02-15,Moyen Chari,Grande Sido,Maro,2285,8.42,18.77,cereals and tubers,Rice (imported),64,KG,actual,Retail,XAF,637.16,1.15
TCD,2026-02-15,Moyen Chari,Grande Sido,Maro,2285,8.42,18.77,cereals and tubers,Wheat flour,58,KG,actual,Retail,XAF,640.65,1.16
TCD,2026-02-15,Moyen Chari,Grande Sido,Sido,4471,8.25,18.71,cereals and tubers,Rice (imported),64,KG,actual,Retail,XAF,651.54,1.18
TCD,2026-02-15,Moyen Chari,Grande Sido,Sido,4471,8.25,18.71,cereals and tubers,Wheat flour,58,KG,actual,Retail,XAF,657.77,1.19
TCD,2026-02-15,Moyen Chari,Lac Iro,Kyabe,2281,9.45,18.94,cereals and tubers,Maize (white),67,KG,actual,Retail,XAF,173.01,0.31
TCD,2026-02-15,Moyen Chari,Lac Iro,Kyabe,2281,9.45,18.94,cereals and tubers,Rice (imported),64,KG,actual,Retail,XAF,652.44,1.18
TCD,2026-02-15,Ndjaména,Ndjamena,Dembe,11368,12.1,15.08,cereals and tubers,Maize (white),67,KG,actual,Retail,XAF,240.9,0.44
TCD,2026-02-15,Ndjaména,Ndjamena,Dembe,11368,12.1,15.08,cereals and tubers,Rice (imported),64,KG,actual,Retail,XAF,612.49,1.11
TCD,2026-02-15,Ndjaména,Ndjamena,Dembe,11368,12.1,15.08,cereals and tubers,Wheat flour,58,KG,actual,Retail,XAF,691.46,1.25
TCD,2026-02-15,Ndjaména,Ndjamena,N'djamena (Atrone),4515,12.09,15.13,cereals and tubers,Maize (white),67,KG,actual,Retail,XAF,250.8,0.45
TCD,2026-02-15,Ndjaména,Ndjamena,N'djamena (Atrone),4515,12.09,15.13,cereals and tubers,Wheat flour,58,KG,actual,Retail,XAF,682.5,1.24
TCD,2026-02-15,Ndjaména,Ndjamena,Ndjamena (Marche A Mil),4480,12.11,15.06,cereals and tubers,Maize (white),67,KG,actual,Retail,XAF,244.2,0.44
TCD,2026-02-15,Ndjaména,Ndjamena,Ndjamena (Marche A Mil),4480,12.11,15.06,cereals and tubers,Rice (imported),64,KG,actual,Retail,XAF,604.22,1.09
TCD,2026-02-15,Ndjaména,Ndjamena,Ndjamena (Marche A Mil),4480,12.11,15.06,cereals and tubers,Wheat flour,58,KG,actual,Retail,XAF,705.58,1.28
TCD,2026-02-15,Ouaddai,Assongha,Adre,4519,13.46,22.19,cereals and tubers,Rice (imported),64,KG,actual,Retail,XAF,858.17,1.55
TCD,2026-02-15,Ouaddai,Assongha,Adre,4519,13.46,22.19,cereals and tubers,Wheat flour,58,KG,actual,Retail,XAF,852.5,1.54
TCD,2026-02-15,Ouaddai,Ouara,Abeche,228,13.82,20.82,cereals and tubers,Maize (white),67,KG,actual,Retail,XAF,359.36,0.65
TCD,2026-02-15,Ouaddai,Ouara,Abeche,228,13.82,20.82,cereals and tubers,Rice (imported),64,KG,actual,Retail,XAF,880.12,1.59
TCD,2026-02-15,Ouaddai,Ouara,Abeche,228,13.82,20.82,cereals and tubers,Wheat flour,58,KG,actual,Retail,XAF,731.55,1.32
TCD,2026-02-15,Salamat,Aboudeia,Aboudeia,2286,11.45,19.28,cereals and tubers,Maize (white),67,KG,actual,Retail,XAF,161.26,0.29
TCD,2026-02-15,Salamat,Aboudeia,Aboudeia,2286,11.45,19.28,cereals and tubers,Rice (imported),64,KG,actual,Retail,XAF,679.96,1.23
TCD,2026-02-15,Salamat,Aboudeia,Aboudeia,2286,11.45,19.28,cereals and tubers,Wheat flour,58,KG,actual,Retail,XAF,800.63,1.45
TCD,2026-02-15,Salamat,Barh-Azoum,Am Timan,1962,11.04,20.28,cereals and tubers,Maize (white),67,KG,actual,Retail,XAF,148.25,0.27
TCD,2026-02-15,Salamat,Barh-Azoum,Am Timan,1962,11.04,20.28,cereals and tubers,Rice (imported),64,KG,actual,Retail,XAF,746.03,1.35
TCD,2026-02-15,Salamat,Barh-Azoum,Am Timan,1962,11.04,20.28,cereals and tubers,Wheat flour,58,KG,actual,Retail,XAF,809.75,1.47
TCD,2026-02-15,Sila,Kimiti,Goz Beida,2290,12.23,21.41,cereals and tubers,Maize (white),67,KG,actual,Retail,XAF,164.04,0.3
TCD,2026-02-15,Sila,Kimiti,Goz Beida,2290,12.23,21.41,cereals and tubers,Rice (imported),64,KG,actual,Retail,XAF,801.9,1.45
TCD,2026-02-15,Sila,Kimiti,Goz Beida,2290,12.23,21.41,cereals and tubers,Wheat flour,58,KG,actual,Retail,XAF,765.39,1.39
TCD,2026-02-15,Tandjile,Tandjile-Centre,Bere,4508,9.31,16.15,cereals and tubers,Maize (white),67,KG,actual,Retail,XAF,223.44,0.4
TCD,2026-02-15,Tandjile,Tandjile-Centre,Bere,4508,9.31,16.15,cereals and tubers,Wheat flour,58,KG,actual,Retail,XAF,903.17,1.63
TCD,2026-02-15,Tandjile,Tandjile-Est,Laï,2289,9.4,16.31,cereals and tubers,Rice (imported),64,KG,actual,Retail,XAF,623.55,1.13
TCD,2026-02-15,Tandjile,Tandjile-Est,Laï,2289,9.4,16.31,cereals and tubers,Wheat flour,58,KG,actual,Retail,XAF,849.21,1.54
TCD,2026-02-15,Tandjile,Tandjile-Ouest,Kélo,1963,9.31,15.8,cereals and tubers,Maize (white),67,KG,actual,Retail,XAF,222.59,0.4
TCD,2026-02-15,Tandjile,Tandjile-Ouest,Kélo,1963,9.31,15.8,cereals and tubers,Rice (imported),64,KG,actual,Retail,XAF,642.42,1.16
TCD,2026-02-15,Wadi Fira,Biltine,Biltine,2294,14.54,20.91,cereals and tubers,Rice (imported),64,KG,actual,Retail,XAF,759.17,1.37
TCD,2026-02-15,Wadi Fira,Biltine,Biltine,2294,14.54,20.91,cereals and tubers,Wheat flour,58,KG,actual,Retail,XAF,749.04,1.36
TCD,2026-02-15,Wadi Fira,Dar-Tama,Guereda,2713,14.52,22.09,cereals and tubers,Wheat flour,58,KG,actual,Retail,XAF,741.51,1.34
TCD,2026-02-15,Wadi Fira,Iriba,Iriba,2300,15.13,22.25,cereals and tubers,Rice (imported),64,KG,actual,Retail,XAF,895.92,1.62
TCD,2026-02-15,Wadi Fira,Iriba,Iriba,2300,15.13,22.25,cereals and tubers,Wheat flour,58,KG,actual,Retail,XAF,748.46,1.35
