order_id,customer_id,status,qty,unit_price_cents,ordered_at
100,1,paid,2,1999,2024-01-02T10:15:00Z
101,2,paid,1,4550,2024-01-02T23:59:59Z
102,1,cancelled,5,1999,2024-01-03T00:00:00Z
103,3,paid,3,250,2024-01-03T07:30:00Z
104,4,paid,1,99999,2024-01-04T15:00:00Z
105,5,paid,10,120,2024-01-05T05:05:05Z
106,6,paid,2,700,2024-01-05T18:20:00Z
107,9,paid,1,500,2024-01-06T09:00:00Z
108,,paid,4,300,2024-01-06T11:11:11Z
109,3,refunded,1,250,2024-01-07T13:00:00Z
110,2,paid,,4550,2024-01-07T16:45:00Z
111,5,paid,3,120,2024-01-08T20:00:00Z
