backend,rows,variant,repeat,host,rc,wall_s,peak_python_mb,peak_java_mb,peak_tree_mb,record_duration_s,hash_s,hash_s_by_step,spark_jobs,spark_driver_result_bytes,spark_max_job_result_bytes,spark_records_read,detail_rows,summary_rows,detail_hash,summary_hash
pandas,1000000,plain,1,gha-ubuntu-latest,0,0.868,407.1,0.0,407.1,,,,,,,,777937,18000,sha256:9349d035bc1dfc6d43d63508e43d3e14c52b53d153b466ef4c4d4a8c18db1b78,sha256:cf59f1fd18f38114bdb7f9a51f5f531b82264536ded032cabb772564d6f79dda
pandas,1000000,ubunye,1,gha-ubuntu-latest,0,1.124,404.5,0.0,404.5,,,,,,,,777937,18000,sha256:9349d035bc1dfc6d43d63508e43d3e14c52b53d153b466ef4c4d4a8c18db1b78,sha256:cf59f1fd18f38114bdb7f9a51f5f531b82264536ded032cabb772564d6f79dda
pandas,1000000,lineage,1,gha-ubuntu-latest,0,4.372,382.2,0.0,382.2,0.7163101510000018,3.262,events=1.527579;regions=0.002432;detail=1.701741;summary=0.030064,,,,,777937,18000,sha256:9349d035bc1dfc6d43d63508e43d3e14c52b53d153b466ef4c4d4a8c18db1b78,sha256:cf59f1fd18f38114bdb7f9a51f5f531b82264536ded032cabb772564d6f79dda
pandas,1000000,plain,2,gha-ubuntu-latest,0,0.8,397.1,0.0,397.1,,,,,,,,777937,18000,,
pandas,1000000,ubunye,2,gha-ubuntu-latest,0,1.099,368.6,0.0,368.6,,,,,,,,777937,18000,,
pandas,1000000,lineage,2,gha-ubuntu-latest,0,4.397,381.9,0.0,381.9,0.7214358660000073,3.279,events=1.543159;regions=0.002653;detail=1.699598;summary=0.033398,,,,,777937,18000,,
pandas,1000000,plain,3,gha-ubuntu-latest,0,0.809,419.2,0.0,419.2,,,,,,,,777937,18000,,
pandas,1000000,ubunye,3,gha-ubuntu-latest,0,1.085,375.5,0.0,375.5,,,,,,,,777937,18000,,
pandas,1000000,lineage,3,gha-ubuntu-latest,0,4.395,400.3,0.0,400.3,0.7266521829999988,3.276,events=1.541499;regions=0.002542;detail=1.700757;summary=0.030842,,,,,777937,18000,,
pandas,20000000,plain,1,gha-ubuntu-latest,0,6.042,4611.8,0.0,4611.8,,,,,,,,15547319,18000,sha256:fc87e1c1d67648575b76d4b8eb99be98f50c15802f0eb4021ec42eb36f619043,sha256:05c265a555384e62c6d1acdce93db86266c16b8bfa874080662099fa6931f5f0
pandas,20000000,ubunye,1,gha-ubuntu-latest,0,6.986,3821.3,0.0,3821.3,,,,,,,,15547319,18000,sha256:fc87e1c1d67648575b76d4b8eb99be98f50c15802f0eb4021ec42eb36f619043,sha256:05c265a555384e62c6d1acdce93db86266c16b8bfa874080662099fa6931f5f0
pandas,20000000,lineage,1,gha-ubuntu-latest,0,70.167,3804.5,0.0,3804.5,6.549790578,63.153,events=30.046622;regions=0.002679;detail=33.07479;summary=0.02896,,,,,15547319,18000,sha256:fc87e1c1d67648575b76d4b8eb99be98f50c15802f0eb4021ec42eb36f619043,sha256:05c265a555384e62c6d1acdce93db86266c16b8bfa874080662099fa6931f5f0
pandas,20000000,plain,2,gha-ubuntu-latest,0,6.117,4601.7,0.0,4601.7,,,,,,,,15547319,18000,,
pandas,20000000,ubunye,2,gha-ubuntu-latest,0,7.051,3677.3,0.0,3677.3,,,,,,,,15547319,18000,,
pandas,20000000,lineage,2,gha-ubuntu-latest,0,70.139,3683.3,0.0,3683.3,6.496875974000005,63.191,events=29.687879;regions=0.002483;detail=33.470857;summary=0.02979,,,,,15547319,18000,,
pandas,20000000,plain,3,gha-ubuntu-latest,0,6.088,4609.2,0.0,4609.2,,,,,,,,15547319,18000,,
pandas,20000000,ubunye,3,gha-ubuntu-latest,0,6.922,3815.2,0.0,3815.2,,,,,,,,15547319,18000,,
pandas,20000000,lineage,3,gha-ubuntu-latest,0,69.149,3656.6,0.0,3656.6,6.550754304999998,62.142,events=29.520274;regions=0.002473;detail=32.591116;summary=0.028623,,,,,15547319,18000,,
pandas,5000000,plain,1,gha-ubuntu-latest,0,1.888,1362.6,0.0,1362.6,,,,,,,,3887633,18000,sha256:b412fee565039ba4730ae75f31fd255d14dea28c2f0e96e993c7f9303761914e,sha256:82f8958843c83c97ae7940424f388c07323e6cd938b6894b6abc947f2f4b4add
pandas,5000000,ubunye,1,gha-ubuntu-latest,0,2.364,1157.5,0.0,1157.5,,,,,,,,3887633,18000,sha256:b412fee565039ba4730ae75f31fd255d14dea28c2f0e96e993c7f9303761914e,sha256:82f8958843c83c97ae7940424f388c07323e6cd938b6894b6abc947f2f4b4add
pandas,5000000,lineage,1,gha-ubuntu-latest,0,18.311,1158.9,0.0,1158.9,1.9137406779999964,15.952,events=7.551335;regions=0.00245;detail=8.366428;summary=0.031408,,,,,3887633,18000,sha256:b412fee565039ba4730ae75f31fd255d14dea28c2f0e96e993c7f9303761914e,sha256:82f8958843c83c97ae7940424f388c07323e6cd938b6894b6abc947f2f4b4add
pandas,5000000,plain,2,gha-ubuntu-latest,0,1.884,1348.5,0.0,1348.5,,,,,,,,3887633,18000,,
pandas,5000000,ubunye,2,gha-ubuntu-latest,0,2.361,1175.7,0.0,1175.7,,,,,,,,3887633,18000,,
pandas,5000000,lineage,2,gha-ubuntu-latest,0,18.216,1172.6,0.0,1172.6,1.902559831000005,15.867,events=7.441546;regions=0.00264;detail=8.392898;summary=0.029703,,,,,3887633,18000,,
pandas,5000000,plain,3,gha-ubuntu-latest,0,1.88,1386.5,0.0,1386.5,,,,,,,,3887633,18000,,
pandas,5000000,ubunye,3,gha-ubuntu-latest,0,2.362,1165.6,0.0,1165.6,,,,,,,,3887633,18000,,
pandas,5000000,lineage,3,gha-ubuntu-latest,0,18.106,1168.7,0.0,1168.7,1.8902854060000038,15.771,events=7.462585;regions=0.002462;detail=8.276474;summary=0.029533,,,,,3887633,18000,,
spark,1000000,plain,1,gha-ubuntu-latest,0,16.255,118.9,849.2,968.0,,,,7,56795,13729,2001800,777937,18000,sha256:9349d035bc1dfc6d43d63508e43d3e14c52b53d153b466ef4c4d4a8c18db1b78,sha256:cf59f1fd18f38114bdb7f9a51f5f531b82264536ded032cabb772564d6f79dda
spark,1000000,ubunye,1,gha-ubuntu-latest,0,13.442,136.6,975.6,1112.2,,,,7,56881,13729,2001800,777937,18000,sha256:9349d035bc1dfc6d43d63508e43d3e14c52b53d153b466ef4c4d4a8c18db1b78,sha256:cf59f1fd18f38114bdb7f9a51f5f531b82264536ded032cabb772564d6f79dda
spark,1000000,lineage,1,gha-ubuntu-latest,0,22.862,137.6,1308.9,1446.3,7.185256743000011,9.413,events=4.454893;regions=0.390029;detail=3.632976;summary=0.935006,18,130929,13729,5004500,777937,18000,sha256:9349d035bc1dfc6d43d63508e43d3e14c52b53d153b466ef4c4d4a8c18db1b78,sha256:cf59f1fd18f38114bdb7f9a51f5f531b82264536ded032cabb772564d6f79dda
spark,1000000,plain,2,gha-ubuntu-latest,0,13.143,118.9,979.1,1098.0,,,,7,56924,13729,2001800,777937,18000,,
spark,1000000,ubunye,2,gha-ubuntu-latest,0,13.486,136.5,971.7,1108.3,,,,7,57010,13729,2001800,777937,18000,,
spark,1000000,lineage,2,gha-ubuntu-latest,0,22.513,137.7,1414.6,1552.1,6.684946238000009,9.367,events=4.32579;regions=0.376976;detail=3.565765;summary=1.098222,18,130628,13686,5004500,777937,18000,,
spark,1000000,plain,3,gha-ubuntu-latest,0,13.208,119.6,1015.8,1134.6,,,,7,56881,13729,2001800,777937,18000,,
spark,1000000,ubunye,3,gha-ubuntu-latest,0,13.42,136.5,1004.8,1141.3,,,,7,56838,13686,2001800,777937,18000,,
spark,1000000,lineage,3,gha-ubuntu-latest,0,22.487,138.0,1284.5,1422.4,7.030210779000015,9.287,events=4.268974;regions=0.345928;detail=3.571586;summary=1.100601,18,130714,13686,5004500,777937,18000,,
spark,20000000,plain,1,gha-ubuntu-latest,0,22.306,120.6,2096.2,2216.3,,,,7,64552,15498,40001800,15547319,18000,sha256:fc87e1c1d67648575b76d4b8eb99be98f50c15802f0eb4021ec42eb36f619043,sha256:05c265a555384e62c6d1acdce93db86266c16b8bfa874080662099fa6931f5f0
spark,20000000,ubunye,1,gha-ubuntu-latest,0,23.258,136.6,1816.5,1953.0,,,,7,64466,15455,40001800,15547319,18000,sha256:fc87e1c1d67648575b76d4b8eb99be98f50c15802f0eb4021ec42eb36f619043,sha256:05c265a555384e62c6d1acdce93db86266c16b8bfa874080662099fa6931f5f0
spark,20000000,lineage,1,gha-ubuntu-latest,0,75.81,137.8,2238.4,2376.0,15.412139701000001,54.362,events=27.800122;regions=0.259435;detail=23.439016;summary=2.863541,18,147424,15455,100004500,15547319,18000,sha256:fc87e1c1d67648575b76d4b8eb99be98f50c15802f0eb4021ec42eb36f619043,sha256:05c265a555384e62c6d1acdce93db86266c16b8bfa874080662099fa6931f5f0
spark,20000000,plain,2,gha-ubuntu-latest,0,21.593,118.9,2110.6,2229.4,,,,7,64466,15455,40001800,15547319,18000,,
spark,20000000,ubunye,2,gha-ubuntu-latest,0,21.741,136.5,1821.7,1958.1,,,,7,64552,15455,40001800,15547319,18000,,
spark,20000000,lineage,2,gha-ubuntu-latest,0,75.82,137.7,2183.8,2321.3,15.487866671999996,54.448,events=27.161926;regions=0.253507;detail=24.000832;summary=3.031246,18,147381,15455,100004500,15547319,18000,,
spark,20000000,plain,3,gha-ubuntu-latest,0,21.521,118.8,2170.2,2288.9,,,,7,64552,15455,40001800,15547319,18000,,
spark,20000000,ubunye,3,gha-ubuntu-latest,0,21.756,136.4,2167.6,2304.0,,,,7,64466,15455,40001800,15547319,18000,,
spark,20000000,lineage,3,gha-ubuntu-latest,0,77.325,138.8,2193.4,2331.0,15.839713647000053,55.601,events=27.869495;regions=0.252827;detail=24.481753;summary=2.997228,18,147381,15455,100004500,15547319,18000,,
spark,5000000,plain,1,gha-ubuntu-latest,0,17.484,119.4,1832.4,1951.4,,,,7,64552,15455,10001800,3887633,18000,sha256:b412fee565039ba4730ae75f31fd255d14dea28c2f0e96e993c7f9303761914e,sha256:82f8958843c83c97ae7940424f388c07323e6cd938b6894b6abc947f2f4b4add
spark,5000000,ubunye,1,gha-ubuntu-latest,0,16.507,136.6,1831.5,1968.0,,,,7,64509,15455,10001800,3887633,18000,sha256:b412fee565039ba4730ae75f31fd255d14dea28c2f0e96e993c7f9303761914e,sha256:82f8958843c83c97ae7940424f388c07323e6cd938b6894b6abc947f2f4b4add
spark,5000000,lineage,1,gha-ubuntu-latest,0,37.053,137.7,2944.9,3082.3,10.165514368999993,20.456,events=10.305979;regions=0.297977;detail=8.11801;summary=1.734377,18,147511,15455,25004500,3887633,18000,sha256:b412fee565039ba4730ae75f31fd255d14dea28c2f0e96e993c7f9303761914e,sha256:82f8958843c83c97ae7940424f388c07323e6cd938b6894b6abc947f2f4b4add
spark,5000000,plain,2,gha-ubuntu-latest,0,17.215,118.9,1770.7,1889.5,,,,7,64466,15455,10001800,3887633,18000,,
spark,5000000,ubunye,2,gha-ubuntu-latest,0,17.562,136.4,1787.7,1924.1,,,,7,64466,15455,10001800,3887633,18000,,
spark,5000000,lineage,2,gha-ubuntu-latest,0,38.151,137.7,3001.4,3138.9,10.704721907000021,20.874,events=10.182417;regions=0.274542;detail=8.428304;summary=1.988933,18,147382,15455,25004500,3887633,18000,,
spark,5000000,plain,3,gha-ubuntu-latest,0,17.32,118.9,1769.3,1888.1,,,,7,64552,15455,10001800,3887633,18000,,
spark,5000000,ubunye,3,gha-ubuntu-latest,0,18.009,136.4,1819.9,1956.2,,,,7,64638,15498,10001800,3887633,18000,,
spark,5000000,lineage,3,gha-ubuntu-latest,0,38.604,137.9,2342.3,2480.0,10.503755223999974,21.888,events=10.735558;regions=0.29642;detail=8.757079;summary=2.098863,18,147425,15455,25004500,3887633,18000,,
spark,50000000,plain,1,gha-ubuntu-latest,0,38.704,119.4,2260.7,2379.9,,,,7,64509,15455,100001800,38866581,18000,sha256:8b4a512440c89f4e9c143ce028e03a41899327e807ddacc59f2a7e1640b614c3,sha256:bb9d4afb0327de2e751d394a4ff078320eb815acc2675f0673529c4ad2a7b26f
spark,50000000,ubunye,1,gha-ubuntu-latest,0,29.521,136.5,2169.3,2305.8,,,,7,64466,15455,100001800,38866581,18000,sha256:8b4a512440c89f4e9c143ce028e03a41899327e807ddacc59f2a7e1640b614c3,sha256:bb9d4afb0327de2e751d394a4ff078320eb815acc2675f0673529c4ad2a7b26f
spark,50000000,lineage,1,gha-ubuntu-latest,0,122.778,138.1,2812.5,2950.3,22.704622325000173,95.089,events=47.810042;regions=0.179991;detail=42.396736;summary=4.702687,18,147515,15455,250004500,38866581,18000,sha256:8b4a512440c89f4e9c143ce028e03a41899327e807ddacc59f2a7e1640b614c3,sha256:bb9d4afb0327de2e751d394a4ff078320eb815acc2675f0673529c4ad2a7b26f
spark,50000000,plain,2,gha-ubuntu-latest,0,27.868,118.9,2112.2,2231.1,,,,7,64509,15455,100001800,38866581,18000,,
spark,50000000,ubunye,2,gha-ubuntu-latest,0,28.032,136.8,1896.3,2033.0,,,,7,64509,15455,100001800,38866581,18000,,
spark,50000000,lineage,2,gha-ubuntu-latest,0,124.657,137.8,2395.4,2532.9,23.65132795300042,96.022,events=48.951404;regions=0.196363;detail=42.270267;summary=4.603606,18,147386,15455,250004500,38866581,18000,,
spark,50000000,plain,3,gha-ubuntu-latest,0,27.345,119.0,2547.0,2665.9,,,,7,64466,15455,100001800,38866581,18000,,
spark,50000000,ubunye,3,gha-ubuntu-latest,0,28.027,136.8,1913.6,2050.3,,,,7,64466,15455,100001800,38866581,18000,,
spark,50000000,lineage,3,gha-ubuntu-latest,0,123.157,138.0,2176.4,2314.2,22.94624082700011,95.638,events=48.174474;regions=0.188415;detail=42.525961;summary=4.749584,18,147343,15455,250004500,38866581,18000,,
pandas,50000000,plain,1,gha-ubuntu-latest,0,15.633,12222.1,0.0,12222.1,,,,,,,,38866581,18000,sha256:8b4a512440c89f4e9c143ce028e03a41899327e807ddacc59f2a7e1640b614c3,sha256:bb9d4afb0327de2e751d394a4ff078320eb815acc2675f0673529c4ad2a7b26f
pandas,50000000,ubunye,1,gha-ubuntu-latest,0,16.477,9156.9,0.0,9156.9,,,,,,,,38866581,18000,sha256:8b4a512440c89f4e9c143ce028e03a41899327e807ddacc59f2a7e1640b614c3,sha256:bb9d4afb0327de2e751d394a4ff078320eb815acc2675f0673529c4ad2a7b26f
pandas,50000000,lineage,1,gha-ubuntu-latest,0,171.53,8981.1,0.0,8981.1,15.916083275999995,155.134,events=73.916308;regions=0.002505;detail=81.185977;summary=0.02945,,,,,38866581,18000,sha256:8b4a512440c89f4e9c143ce028e03a41899327e807ddacc59f2a7e1640b614c3,sha256:bb9d4afb0327de2e751d394a4ff078320eb815acc2675f0673529c4ad2a7b26f
pandas,50000000,plain,2,gha-ubuntu-latest,0,18.397,12181.8,0.0,12181.8,,,,,,,,38866581,18000,,
pandas,50000000,ubunye,2,gha-ubuntu-latest,0,16.918,9083.0,0.0,9083.0,,,,,,,,38866581,18000,,
pandas,50000000,lineage,2,gha-ubuntu-latest,0,171.775,9200.1,0.0,9200.1,15.81782991800003,155.481,events=73.680301;regions=0.002569;detail=81.7688;summary=0.029074,,,,,38866581,18000,,
pandas,50000000,plain,3,gha-ubuntu-latest,0,16.094,12189.1,0.0,12189.1,,,,,,,,38866581,18000,,
pandas,50000000,ubunye,3,gha-ubuntu-latest,0,16.73,8974.3,0.0,8974.3,,,,,,,,38866581,18000,,
pandas,50000000,lineage,3,gha-ubuntu-latest,0,172.568,9201.4,0.0,9201.4,16.06138503299985,156.051,events=73.242055;regions=0.002464;detail=82.77783;summary=0.028934,,,,,38866581,18000,,
spark,20000000,plain,1,gha-ubuntu-latest,0,21.153,119.0,2295.7,2414.7,,,,7,64646,15506,40001800,15547319,18000,sha256:fc87e1c1d67648575b76d4b8eb99be98f50c15802f0eb4021ec42eb36f619043,sha256:05c265a555384e62c6d1acdce93db86266c16b8bfa874080662099fa6931f5f0
spark,20000000,ubunye,1,gha-ubuntu-latest,0,20.259,138.4,2170.2,2306.9,,,,7,64474,15463,40001800,15547319,18000,sha256:fc87e1c1d67648575b76d4b8eb99be98f50c15802f0eb4021ec42eb36f619043,sha256:05c265a555384e62c6d1acdce93db86266c16b8bfa874080662099fa6931f5f0
spark,20000000,expect,1,gha-ubuntu-latest,0,28.755,144.3,5088.4,5232.7,,,,18,174827,25800,100004500,15547319,18000,sha256:fc87e1c1d67648575b76d4b8eb99be98f50c15802f0eb4021ec42eb36f619043,sha256:05c265a555384e62c6d1acdce93db86266c16b8bfa874080662099fa6931f5f0
spark,20000000,plain,2,gha-ubuntu-latest,0,18.507,119.2,2411.9,2530.7,,,,7,64517,15463,40001800,15547319,18000,,
spark,20000000,ubunye,2,gha-ubuntu-latest,0,19.209,136.8,1870.3,2007.0,,,,7,64517,15506,40001800,15547319,18000,,
spark,20000000,expect,2,gha-ubuntu-latest,0,29.299,144.3,4907.9,5052.2,,,,18,175128,25972,100004500,15547319,18000,,
spark,20000000,plain,3,gha-ubuntu-latest,0,19.596,120.6,2117.2,2236.1,,,,7,64517,15463,40001800,15547319,18000,,
spark,20000000,ubunye,3,gha-ubuntu-latest,0,18.72,136.7,1886.9,2023.6,,,,7,64517,15463,40001800,15547319,18000,,
spark,20000000,expect,3,gha-ubuntu-latest,0,28.767,144.2,4878.6,5022.8,,,,18,175128,25972,100004500,15547319,18000,,
spark,1000000,plain,1,devbox,0,14.387,117.2,799.8,912.8,,,,7,56261,13643,2001800,777937,18000,sha256:9349d035bc1dfc6d43d63508e43d3e14c52b53d153b466ef4c4d4a8c18db1b78,sha256:cf59f1fd18f38114bdb7f9a51f5f531b82264536ded032cabb772564d6f79dda
spark,1000000,ubunye,1,devbox,0,12.942,145.6,772.0,907.7,,,,7,56261,13643,2001800,777937,18000,sha256:9349d035bc1dfc6d43d63508e43d3e14c52b53d153b466ef4c4d4a8c18db1b78,sha256:cf59f1fd18f38114bdb7f9a51f5f531b82264536ded032cabb772564d6f79dda
spark,1000000,expect,1,devbox,0,19.203,157.5,1338.7,1478.4,,,,18,153636,25436,5004500,777937,18000,sha256:9349d035bc1dfc6d43d63508e43d3e14c52b53d153b466ef4c4d4a8c18db1b78,sha256:cf59f1fd18f38114bdb7f9a51f5f531b82264536ded032cabb772564d6f79dda
spark,1000000,plain,2,devbox,0,13.522,116.7,808.0,923.0,,,,7,56132,13686,2001800,777937,18000,,
spark,1000000,ubunye,2,devbox,0,14.154,139.1,802.1,937.3,,,,7,56132,13643,2001800,777937,18000,,
spark,1000000,expect,2,devbox,0,18.669,144.8,1154.6,1284.0,,,,18,153550,25608,5004500,777937,18000,,
spark,5000000,plain,1,devbox,0,17.418,119.6,1382.1,1491.2,,,,7,124370,44272,10001800,3887633,18000,sha256:b412fee565039ba4730ae75f31fd255d14dea28c2f0e96e993c7f9303761914e,sha256:82f8958843c83c97ae7940424f388c07323e6cd938b6894b6abc947f2f4b4add
spark,5000000,ubunye,1,devbox,0,15.374,138.3,1387.6,1524.5,,,,7,124284,44229,10001800,3887633,18000,sha256:b412fee565039ba4730ae75f31fd255d14dea28c2f0e96e993c7f9303761914e,sha256:82f8958843c83c97ae7940424f388c07323e6cd938b6894b6abc947f2f4b4add
spark,5000000,expect,1,devbox,0,25.548,145.2,2372.4,2500.8,,,,18,384591,102475,25004500,3887633,18000,sha256:b412fee565039ba4730ae75f31fd255d14dea28c2f0e96e993c7f9303761914e,sha256:82f8958843c83c97ae7940424f388c07323e6cd938b6894b6abc947f2f4b4add
spark,5000000,plain,2,devbox,0,15.341,115.9,1378.6,1482.0,,,,7,124241,44057,10001800,3887633,18000,,
spark,5000000,ubunye,2,devbox,0,15.736,137.0,1274.7,1404.1,,,,7,124155,44272,10001800,3887633,18000,,
spark,5000000,expect,2,devbox,0,24.807,144.0,2250.2,2382.9,,,,18,384376,101873,25004500,3887633,18000,,
